relative_path,graph_kind,lam,tau,seed_in_graph
simulations/powerlaw_cluster_graph/lam=2/seir_seed_0.csv,powerlaw_cluster_graph,2.0,0.01,0
simulations/powerlaw_cluster_graph/lam=2/seir_seed_1.csv,powerlaw_cluster_graph,2.0,0.01,1
simulations/powerlaw_cluster_graph/lam=2/seir_seed_2.csv,powerlaw_cluster_graph,2.0,0.01,2
simulations/powerlaw_cluster_graph/lam=2/seir_seed_3.csv,powerlaw_cluster_graph,2.0,0.01,3
simulations/powerlaw_cluster_graph/lam=2/seir_seed_4.csv,powerlaw_cluster_graph,2.0,0.01,4
simulations/powerlaw_cluster_graph/lam=2/seir_seed_5.csv,powerlaw_cluster_graph,2.0,0.01,5
simulations/powerlaw_cluster_graph/lam=2/seir_seed_6.csv,powerlaw_cluster_graph,2.0,0.01,6
simulations/powerlaw_cluster_graph/lam=2/seir_seed_7.csv,powerlaw_cluster_graph,2.0,0.01,7
simulations/powerlaw_cluster_graph/lam=2/seir_seed_8.csv,powerlaw_cluster_graph,2.0,0.01,8
simulations/powerlaw_cluster_graph/lam=2/seir_seed_9.csv,powerlaw_cluster_graph,2.0,0.01,9
simulations/powerlaw_cluster_graph/lam=2/seir_seed_10.csv,powerlaw_cluster_graph,2.0,0.01,10
simulations/powerlaw_cluster_graph/lam=2/seir_seed_11.csv,powerlaw_cluster_graph,2.0,0.01,11
simulations/powerlaw_cluster_graph/lam=2/seir_seed_12.csv,powerlaw_cluster_graph,2.0,0.01,12
simulations/powerlaw_cluster_graph/lam=2/seir_seed_13.csv,powerlaw_cluster_graph,2.0,0.01,13
simulations/powerlaw_cluster_graph/lam=2/seir_seed_14.csv,powerlaw_cluster_graph,2.0,0.01,14
simulations/powerlaw_cluster_graph/lam=2/seir_seed_15.csv,powerlaw_cluster_graph,2.0,0.01,15
simulations/powerlaw_cluster_graph/lam=2/seir_seed_16.csv,powerlaw_cluster_graph,2.0,0.01,16
simulations/powerlaw_cluster_graph/lam=2/seir_seed_17.csv,powerlaw_cluster_graph,2.0,0.01,17
simulations/powerlaw_cluster_graph/lam=2/seir_seed_18.csv,powerlaw_cluster_graph,2.0,0.01,18
simulations/powerlaw_cluster_graph/lam=2/seir_seed_19.csv,powerlaw_cluster_graph,2.0,0.01,19
simulations/powerlaw_cluster_graph/lam=2/seir_seed_20.csv,powerlaw_cluster_graph,2.0,0.01,20
simulations/powerlaw_cluster_graph/lam=2/seir_seed_21.csv,powerlaw_cluster_graph,2.0,0.01,21
simulations/powerlaw_cluster_graph/lam=2/seir_seed_22.csv,powerlaw_cluster_graph,2.0,0.01,22
simulations/powerlaw_cluster_graph/lam=2/seir_seed_23.csv,powerlaw_cluster_graph,2.0,0.01,23
simulations/powerlaw_cluster_graph/lam=2/seir_seed_24.csv,powerlaw_cluster_graph,2.0,0.01,24
simulations/powerlaw_cluster_graph/lam=2/seir_seed_25.csv,powerlaw_cluster_graph,2.0,0.01,25
simulations/powerlaw_cluster_graph/lam=2/seir_seed_26.csv,powerlaw_cluster_graph,2.0,0.01,26
simulations/powerlaw_cluster_graph/lam=2/seir_seed_27.csv,powerlaw_cluster_graph,2.0,0.01,27
simulations/powerlaw_cluster_graph/lam=2/seir_seed_28.csv,powerlaw_cluster_graph,2.0,0.01,28
simulations/powerlaw_cluster_graph/lam=2/seir_seed_29.csv,powerlaw_cluster_graph,2.0,0.01,29
simulations/powerlaw_cluster_graph/lam=2/seir_seed_30.csv,powerlaw_cluster_graph,2.0,0.01,30
simulations/powerlaw_cluster_graph/lam=2/seir_seed_31.csv,powerlaw_cluster_graph,2.0,0.01,31
simulations/powerlaw_cluster_graph/lam=2/seir_seed_32.csv,powerlaw_cluster_graph,2.0,0.01,32
simulations/powerlaw_cluster_graph/lam=2/seir_seed_33.csv,powerlaw_cluster_graph,2.0,0.01,33
simulations/powerlaw_cluster_graph/lam=2/seir_seed_34.csv,powerlaw_cluster_graph,2.0,0.01,34
simulations/powerlaw_cluster_graph/lam=2/seir_seed_35.csv,powerlaw_cluster_graph,2.0,0.01,35
simulations/powerlaw_cluster_graph/lam=2/seir_seed_36.csv,powerlaw_cluster_graph,2.0,0.01,36
simulations/powerlaw_cluster_graph/lam=2/seir_seed_37.csv,powerlaw_cluster_graph,2.0,0.01,37
simulations/powerlaw_cluster_graph/lam=2/seir_seed_38.csv,powerlaw_cluster_graph,2.0,0.01,38
simulations/powerlaw_cluster_graph/lam=2/seir_seed_39.csv,powerlaw_cluster_graph,2.0,0.01,39
simulations/powerlaw_cluster_graph/lam=2/seir_seed_40.csv,powerlaw_cluster_graph,2.0,0.01,40
simulations/powerlaw_cluster_graph/lam=2/seir_seed_41.csv,powerlaw_cluster_graph,2.0,0.01,41
simulations/powerlaw_cluster_graph/lam=2/seir_seed_42.csv,powerlaw_cluster_graph,2.0,0.01,42
simulations/powerlaw_cluster_graph/lam=2/seir_seed_43.csv,powerlaw_cluster_graph,2.0,0.01,43
simulations/powerlaw_cluster_graph/lam=2/seir_seed_44.csv,powerlaw_cluster_graph,2.0,0.01,44
simulations/powerlaw_cluster_graph/lam=2/seir_seed_45.csv,powerlaw_cluster_graph,2.0,0.01,45
simulations/powerlaw_cluster_graph/lam=2/seir_seed_46.csv,powerlaw_cluster_graph,2.0,0.01,46
simulations/powerlaw_cluster_graph/lam=2/seir_seed_47.csv,powerlaw_cluster_graph,2.0,0.01,47
simulations/powerlaw_cluster_graph/lam=2/seir_seed_48.csv,powerlaw_cluster_graph,2.0,0.01,48
simulations/powerlaw_cluster_graph/lam=2/seir_seed_49.csv,powerlaw_cluster_graph,2.0,0.01,49
simulations/powerlaw_cluster_graph/lam=4/seir_seed_50.csv,powerlaw_cluster_graph,4.0,0.01,50
simulations/powerlaw_cluster_graph/lam=4/seir_seed_51.csv,powerlaw_cluster_graph,4.0,0.01,51
simulations/powerlaw_cluster_graph/lam=4/seir_seed_52.csv,powerlaw_cluster_graph,4.0,0.01,52
simulations/powerlaw_cluster_graph/lam=4/seir_seed_53.csv,powerlaw_cluster_graph,4.0,0.01,53
simulations/powerlaw_cluster_graph/lam=4/seir_seed_54.csv,powerlaw_cluster_graph,4.0,0.01,54
simulations/powerlaw_cluster_graph/lam=4/seir_seed_55.csv,powerlaw_cluster_graph,4.0,0.01,55
simulations/powerlaw_cluster_graph/lam=4/seir_seed_56.csv,powerlaw_cluster_graph,4.0,0.01,56
simulations/powerlaw_cluster_graph/lam=4/seir_seed_57.csv,powerlaw_cluster_graph,4.0,0.01,57
simulations/powerlaw_cluster_graph/lam=4/seir_seed_58.csv,powerlaw_cluster_graph,4.0,0.01,58
simulations/powerlaw_cluster_graph/lam=4/seir_seed_59.csv,powerlaw_cluster_graph,4.0,0.01,59
simulations/powerlaw_cluster_graph/lam=4/seir_seed_60.csv,powerlaw_cluster_graph,4.0,0.01,60
simulations/powerlaw_cluster_graph/lam=4/seir_seed_61.csv,powerlaw_cluster_graph,4.0,0.01,61
simulations/powerlaw_cluster_graph/lam=4/seir_seed_62.csv,powerlaw_cluster_graph,4.0,0.01,62
simulations/powerlaw_cluster_graph/lam=4/seir_seed_63.csv,powerlaw_cluster_graph,4.0,0.01,63
simulations/powerlaw_cluster_graph/lam=4/seir_seed_64.csv,powerlaw_cluster_graph,4.0,0.01,64
simulations/powerlaw_cluster_graph/lam=4/seir_seed_65.csv,powerlaw_cluster_graph,4.0,0.01,65
simulations/powerlaw_cluster_graph/lam=4/seir_seed_66.csv,powerlaw_cluster_graph,4.0,0.01,66
simulations/powerlaw_cluster_graph/lam=4/seir_seed_67.csv,powerlaw_cluster_graph,4.0,0.01,67
simulations/powerlaw_cluster_graph/lam=4/seir_seed_68.csv,powerlaw_cluster_graph,4.0,0.01,68
simulations/powerlaw_cluster_graph/lam=4/seir_seed_69.csv,powerlaw_cluster_graph,4.0,0.01,69
simulations/powerlaw_cluster_graph/lam=4/seir_seed_70.csv,powerlaw_cluster_graph,4.0,0.01,70
simulations/powerlaw_cluster_graph/lam=4/seir_seed_71.csv,powerlaw_cluster_graph,4.0,0.01,71
simulations/powerlaw_cluster_graph/lam=4/seir_seed_72.csv,powerlaw_cluster_graph,4.0,0.01,72
simulations/powerlaw_cluster_graph/lam=4/seir_seed_73.csv,powerlaw_cluster_graph,4.0,0.01,73
simulations/powerlaw_cluster_graph/lam=4/seir_seed_74.csv,powerlaw_cluster_graph,4.0,0.01,74
simulations/powerlaw_cluster_graph/lam=4/seir_seed_75.csv,powerlaw_cluster_graph,4.0,0.01,75
simulations/powerlaw_cluster_graph/lam=4/seir_seed_76.csv,powerlaw_cluster_graph,4.0,0.01,76
simulations/powerlaw_cluster_graph/lam=4/seir_seed_77.csv,powerlaw_cluster_graph,4.0,0.01,77
simulations/powerlaw_cluster_graph/lam=4/seir_seed_78.csv,powerlaw_cluster_graph,4.0,0.01,78
simulations/powerlaw_cluster_graph/lam=4/seir_seed_79.csv,powerlaw_cluster_graph,4.0,0.01,79
simulations/powerlaw_cluster_graph/lam=4/seir_seed_80.csv,powerlaw_cluster_graph,4.0,0.01,80
simulations/powerlaw_cluster_graph/lam=4/seir_seed_81.csv,powerlaw_cluster_graph,4.0,0.01,81
simulations/powerlaw_cluster_graph/lam=4/seir_seed_82.csv,powerlaw_cluster_graph,4.0,0.01,82
simulations/powerlaw_cluster_graph/lam=4/seir_seed_83.csv,powerlaw_cluster_graph,4.0,0.01,83
simulations/powerlaw_cluster_graph/lam=4/seir_seed_84.csv,powerlaw_cluster_graph,4.0,0.01,84
simulations/powerlaw_cluster_graph/lam=4/seir_seed_85.csv,powerlaw_cluster_graph,4.0,0.01,85
simulations/powerlaw_cluster_graph/lam=4/seir_seed_86.csv,powerlaw_cluster_graph,4.0,0.01,86
simulations/powerlaw_cluster_graph/lam=4/seir_seed_87.csv,powerlaw_cluster_graph,4.0,0.01,87
simulations/powerlaw_cluster_graph/lam=4/seir_seed_88.csv,powerlaw_cluster_graph,4.0,0.01,88
simulations/powerlaw_cluster_graph/lam=4/seir_seed_89.csv,powerlaw_cluster_graph,4.0,0.01,89
simulations/powerlaw_cluster_graph/lam=4/seir_seed_90.csv,powerlaw_cluster_graph,4.0,0.01,90
simulations/powerlaw_cluster_graph/lam=4/seir_seed_91.csv,powerlaw_cluster_graph,4.0,0.01,91
simulations/powerlaw_cluster_graph/lam=4/seir_seed_92.csv,powerlaw_cluster_graph,4.0,0.01,92
simulations/powerlaw_cluster_graph/lam=4/seir_seed_93.csv,powerlaw_cluster_graph,4.0,0.01,93
simulations/powerlaw_cluster_graph/lam=4/seir_seed_94.csv,powerlaw_cluster_graph,4.0,0.01,94
simulations/powerlaw_cluster_graph/lam=4/seir_seed_95.csv,powerlaw_cluster_graph,4.0,0.01,95
simulations/powerlaw_cluster_graph/lam=4/seir_seed_96.csv,powerlaw_cluster_graph,4.0,0.01,96
simulations/powerlaw_cluster_graph/lam=4/seir_seed_97.csv,powerlaw_cluster_graph,4.0,0.01,97
simulations/powerlaw_cluster_graph/lam=4/seir_seed_98.csv,powerlaw_cluster_graph,4.0,0.01,98
simulations/powerlaw_cluster_graph/lam=4/seir_seed_99.csv,powerlaw_cluster_graph,4.0,0.01,99
simulations/powerlaw_cluster_graph/lam=8/seir_seed_100.csv,powerlaw_cluster_graph,8.0,0.01,100
simulations/powerlaw_cluster_graph/lam=8/seir_seed_101.csv,powerlaw_cluster_graph,8.0,0.01,101
simulations/powerlaw_cluster_graph/lam=8/seir_seed_102.csv,powerlaw_cluster_graph,8.0,0.01,102
simulations/powerlaw_cluster_graph/lam=8/seir_seed_103.csv,powerlaw_cluster_graph,8.0,0.01,103
simulations/powerlaw_cluster_graph/lam=8/seir_seed_104.csv,powerlaw_cluster_graph,8.0,0.01,104
simulations/powerlaw_cluster_graph/lam=8/seir_seed_105.csv,powerlaw_cluster_graph,8.0,0.01,105
simulations/powerlaw_cluster_graph/lam=8/seir_seed_106.csv,powerlaw_cluster_graph,8.0,0.01,106
simulations/powerlaw_cluster_graph/lam=8/seir_seed_107.csv,powerlaw_cluster_graph,8.0,0.01,107
simulations/powerlaw_cluster_graph/lam=8/seir_seed_108.csv,powerlaw_cluster_graph,8.0,0.01,108
simulations/powerlaw_cluster_graph/lam=8/seir_seed_109.csv,powerlaw_cluster_graph,8.0,0.01,109
simulations/powerlaw_cluster_graph/lam=8/seir_seed_110.csv,powerlaw_cluster_graph,8.0,0.01,110
simulations/powerlaw_cluster_graph/lam=8/seir_seed_111.csv,powerlaw_cluster_graph,8.0,0.01,111
simulations/powerlaw_cluster_graph/lam=8/seir_seed_112.csv,powerlaw_cluster_graph,8.0,0.01,112
simulations/powerlaw_cluster_graph/lam=8/seir_seed_113.csv,powerlaw_cluster_graph,8.0,0.01,113
simulations/powerlaw_cluster_graph/lam=8/seir_seed_114.csv,powerlaw_cluster_graph,8.0,0.01,114
simulations/powerlaw_cluster_graph/lam=8/seir_seed_115.csv,powerlaw_cluster_graph,8.0,0.01,115
simulations/powerlaw_cluster_graph/lam=8/seir_seed_116.csv,powerlaw_cluster_graph,8.0,0.01,116
simulations/powerlaw_cluster_graph/lam=8/seir_seed_117.csv,powerlaw_cluster_graph,8.0,0.01,117
simulations/powerlaw_cluster_graph/lam=8/seir_seed_118.csv,powerlaw_cluster_graph,8.0,0.01,118
simulations/powerlaw_cluster_graph/lam=8/seir_seed_119.csv,powerlaw_cluster_graph,8.0,0.01,119
simulations/powerlaw_cluster_graph/lam=8/seir_seed_120.csv,powerlaw_cluster_graph,8.0,0.01,120
simulations/powerlaw_cluster_graph/lam=8/seir_seed_121.csv,powerlaw_cluster_graph,8.0,0.01,121
simulations/powerlaw_cluster_graph/lam=8/seir_seed_122.csv,powerlaw_cluster_graph,8.0,0.01,122
simulations/powerlaw_cluster_graph/lam=8/seir_seed_123.csv,powerlaw_cluster_graph,8.0,0.01,123
simulations/powerlaw_cluster_graph/lam=8/seir_seed_124.csv,powerlaw_cluster_graph,8.0,0.01,124
simulations/powerlaw_cluster_graph/lam=8/seir_seed_125.csv,powerlaw_cluster_graph,8.0,0.01,125
simulations/powerlaw_cluster_graph/lam=8/seir_seed_126.csv,powerlaw_cluster_graph,8.0,0.01,126
simulations/powerlaw_cluster_graph/lam=8/seir_seed_127.csv,powerlaw_cluster_graph,8.0,0.01,127
simulations/powerlaw_cluster_graph/lam=8/seir_seed_128.csv,powerlaw_cluster_graph,8.0,0.01,128
simulations/powerlaw_cluster_graph/lam=8/seir_seed_129.csv,powerlaw_cluster_graph,8.0,0.01,129
simulations/powerlaw_cluster_graph/lam=8/seir_seed_130.csv,powerlaw_cluster_graph,8.0,0.01,130
simulations/powerlaw_cluster_graph/lam=8/seir_seed_131.csv,powerlaw_cluster_graph,8.0,0.01,131
simulations/powerlaw_cluster_graph/lam=8/seir_seed_132.csv,powerlaw_cluster_graph,8.0,0.01,132
simulations/powerlaw_cluster_graph/lam=8/seir_seed_133.csv,powerlaw_cluster_graph,8.0,0.01,133
simulations/powerlaw_cluster_graph/lam=8/seir_seed_134.csv,powerlaw_cluster_graph,8.0,0.01,134
simulations/powerlaw_cluster_graph/lam=8/seir_seed_135.csv,powerlaw_cluster_graph,8.0,0.01,135
simulations/powerlaw_cluster_graph/lam=8/seir_seed_136.csv,powerlaw_cluster_graph,8.0,0.01,136
simulations/powerlaw_cluster_graph/lam=8/seir_seed_137.csv,powerlaw_cluster_graph,8.0,0.01,137
simulations/powerlaw_cluster_graph/lam=8/seir_seed_138.csv,powerlaw_cluster_graph,8.0,0.01,138
simulations/powerlaw_cluster_graph/lam=8/seir_seed_139.csv,powerlaw_cluster_graph,8.0,0.01,139
simulations/powerlaw_cluster_graph/lam=8/seir_seed_140.csv,powerlaw_cluster_graph,8.0,0.01,140
simulations/powerlaw_cluster_graph/lam=8/seir_seed_141.csv,powerlaw_cluster_graph,8.0,0.01,141
simulations/powerlaw_cluster_graph/lam=8/seir_seed_142.csv,powerlaw_cluster_graph,8.0,0.01,142
simulations/powerlaw_cluster_graph/lam=8/seir_seed_143.csv,powerlaw_cluster_graph,8.0,0.01,143
simulations/powerlaw_cluster_graph/lam=8/seir_seed_144.csv,powerlaw_cluster_graph,8.0,0.01,144
simulations/powerlaw_cluster_graph/lam=8/seir_seed_145.csv,powerlaw_cluster_graph,8.0,0.01,145
simulations/powerlaw_cluster_graph/lam=8/seir_seed_146.csv,powerlaw_cluster_graph,8.0,0.01,146
simulations/powerlaw_cluster_graph/lam=8/seir_seed_147.csv,powerlaw_cluster_graph,8.0,0.01,147
simulations/powerlaw_cluster_graph/lam=8/seir_seed_148.csv,powerlaw_cluster_graph,8.0,0.01,148
simulations/powerlaw_cluster_graph/lam=8/seir_seed_149.csv,powerlaw_cluster_graph,8.0,0.01,149
simulations/powerlaw_cluster_graph/lam=16/seir_seed_150.csv,powerlaw_cluster_graph,16.0,0.01,150
simulations/powerlaw_cluster_graph/lam=16/seir_seed_151.csv,powerlaw_cluster_graph,16.0,0.01,151
simulations/powerlaw_cluster_graph/lam=16/seir_seed_152.csv,powerlaw_cluster_graph,16.0,0.01,152
simulations/powerlaw_cluster_graph/lam=16/seir_seed_153.csv,powerlaw_cluster_graph,16.0,0.01,153
simulations/powerlaw_cluster_graph/lam=16/seir_seed_154.csv,powerlaw_cluster_graph,16.0,0.01,154
simulations/powerlaw_cluster_graph/lam=16/seir_seed_155.csv,powerlaw_cluster_graph,16.0,0.01,155
simulations/powerlaw_cluster_graph/lam=16/seir_seed_156.csv,powerlaw_cluster_graph,16.0,0.01,156
simulations/powerlaw_cluster_graph/lam=16/seir_seed_157.csv,powerlaw_cluster_graph,16.0,0.01,157
simulations/powerlaw_cluster_graph/lam=16/seir_seed_158.csv,powerlaw_cluster_graph,16.0,0.01,158
simulations/powerlaw_cluster_graph/lam=16/seir_seed_159.csv,powerlaw_cluster_graph,16.0,0.01,159
simulations/powerlaw_cluster_graph/lam=16/seir_seed_160.csv,powerlaw_cluster_graph,16.0,0.01,160
simulations/powerlaw_cluster_graph/lam=16/seir_seed_161.csv,powerlaw_cluster_graph,16.0,0.01,161
simulations/powerlaw_cluster_graph/lam=16/seir_seed_162.csv,powerlaw_cluster_graph,16.0,0.01,162
simulations/powerlaw_cluster_graph/lam=16/seir_seed_163.csv,powerlaw_cluster_graph,16.0,0.01,163
simulations/powerlaw_cluster_graph/lam=16/seir_seed_164.csv,powerlaw_cluster_graph,16.0,0.01,164
simulations/powerlaw_cluster_graph/lam=16/seir_seed_165.csv,powerlaw_cluster_graph,16.0,0.01,165
simulations/powerlaw_cluster_graph/lam=16/seir_seed_166.csv,powerlaw_cluster_graph,16.0,0.01,166
simulations/powerlaw_cluster_graph/lam=16/seir_seed_167.csv,powerlaw_cluster_graph,16.0,0.01,167
simulations/powerlaw_cluster_graph/lam=16/seir_seed_168.csv,powerlaw_cluster_graph,16.0,0.01,168
simulations/powerlaw_cluster_graph/lam=16/seir_seed_169.csv,powerlaw_cluster_graph,16.0,0.01,169
simulations/powerlaw_cluster_graph/lam=16/seir_seed_170.csv,powerlaw_cluster_graph,16.0,0.01,170
simulations/powerlaw_cluster_graph/lam=16/seir_seed_171.csv,powerlaw_cluster_graph,16.0,0.01,171
simulations/powerlaw_cluster_graph/lam=16/seir_seed_172.csv,powerlaw_cluster_graph,16.0,0.01,172
simulations/powerlaw_cluster_graph/lam=16/seir_seed_173.csv,powerlaw_cluster_graph,16.0,0.01,173
simulations/powerlaw_cluster_graph/lam=16/seir_seed_174.csv,powerlaw_cluster_graph,16.0,0.01,174
simulations/powerlaw_cluster_graph/lam=16/seir_seed_175.csv,powerlaw_cluster_graph,16.0,0.01,175
simulations/powerlaw_cluster_graph/lam=16/seir_seed_176.csv,powerlaw_cluster_graph,16.0,0.01,176
simulations/powerlaw_cluster_graph/lam=16/seir_seed_177.csv,powerlaw_cluster_graph,16.0,0.01,177
simulations/powerlaw_cluster_graph/lam=16/seir_seed_178.csv,powerlaw_cluster_graph,16.0,0.01,178
simulations/powerlaw_cluster_graph/lam=16/seir_seed_179.csv,powerlaw_cluster_graph,16.0,0.01,179
simulations/powerlaw_cluster_graph/lam=16/seir_seed_180.csv,powerlaw_cluster_graph,16.0,0.01,180
simulations/powerlaw_cluster_graph/lam=16/seir_seed_181.csv,powerlaw_cluster_graph,16.0,0.01,181
simulations/powerlaw_cluster_graph/lam=16/seir_seed_182.csv,powerlaw_cluster_graph,16.0,0.01,182
simulations/powerlaw_cluster_graph/lam=16/seir_seed_183.csv,powerlaw_cluster_graph,16.0,0.01,183
simulations/powerlaw_cluster_graph/lam=16/seir_seed_184.csv,powerlaw_cluster_graph,16.0,0.01,184
simulations/powerlaw_cluster_graph/lam=16/seir_seed_185.csv,powerlaw_cluster_graph,16.0,0.01,185
simulations/powerlaw_cluster_graph/lam=16/seir_seed_186.csv,powerlaw_cluster_graph,16.0,0.01,186
simulations/powerlaw_cluster_graph/lam=16/seir_seed_187.csv,powerlaw_cluster_graph,16.0,0.01,187
simulations/powerlaw_cluster_graph/lam=16/seir_seed_188.csv,powerlaw_cluster_graph,16.0,0.01,188
simulations/powerlaw_cluster_graph/lam=16/seir_seed_189.csv,powerlaw_cluster_graph,16.0,0.01,189
simulations/powerlaw_cluster_graph/lam=16/seir_seed_190.csv,powerlaw_cluster_graph,16.0,0.01,190
simulations/powerlaw_cluster_graph/lam=16/seir_seed_191.csv,powerlaw_cluster_graph,16.0,0.01,191
simulations/powerlaw_cluster_graph/lam=16/seir_seed_192.csv,powerlaw_cluster_graph,16.0,0.01,192
simulations/powerlaw_cluster_graph/lam=16/seir_seed_193.csv,powerlaw_cluster_graph,16.0,0.01,193
simulations/powerlaw_cluster_graph/lam=16/seir_seed_194.csv,powerlaw_cluster_graph,16.0,0.01,194
simulations/powerlaw_cluster_graph/lam=16/seir_seed_195.csv,powerlaw_cluster_graph,16.0,0.01,195
simulations/powerlaw_cluster_graph/lam=16/seir_seed_196.csv,powerlaw_cluster_graph,16.0,0.01,196
simulations/powerlaw_cluster_graph/lam=16/seir_seed_197.csv,powerlaw_cluster_graph,16.0,0.01,197
simulations/powerlaw_cluster_graph/lam=16/seir_seed_198.csv,powerlaw_cluster_graph,16.0,0.01,198
simulations/powerlaw_cluster_graph/lam=16/seir_seed_199.csv,powerlaw_cluster_graph,16.0,0.01,199
simulations/watts_strogatz_graph/lam=1/seir_seed_0.csv,watts_strogatz_graph,1.0,0.03,0
simulations/watts_strogatz_graph/lam=1/seir_seed_1.csv,watts_strogatz_graph,1.0,0.03,1
simulations/watts_strogatz_graph/lam=1/seir_seed_2.csv,watts_strogatz_graph,1.0,0.03,2
simulations/watts_strogatz_graph/lam=1/seir_seed_3.csv,watts_strogatz_graph,1.0,0.03,3
simulations/watts_strogatz_graph/lam=1/seir_seed_4.csv,watts_strogatz_graph,1.0,0.03,4
simulations/watts_strogatz_graph/lam=1/seir_seed_5.csv,watts_strogatz_graph,1.0,0.03,5
simulations/watts_strogatz_graph/lam=1/seir_seed_6.csv,watts_strogatz_graph,1.0,0.03,6
simulations/watts_strogatz_graph/lam=1/seir_seed_7.csv,watts_strogatz_graph,1.0,0.03,7
simulations/watts_strogatz_graph/lam=1/seir_seed_8.csv,watts_strogatz_graph,1.0,0.03,8
simulations/watts_strogatz_graph/lam=1/seir_seed_9.csv,watts_strogatz_graph,1.0,0.03,9
simulations/watts_strogatz_graph/lam=1/seir_seed_10.csv,watts_strogatz_graph,1.0,0.03,10
simulations/watts_strogatz_graph/lam=1/seir_seed_11.csv,watts_strogatz_graph,1.0,0.03,11
simulations/watts_strogatz_graph/lam=1/seir_seed_12.csv,watts_strogatz_graph,1.0,0.03,12
simulations/watts_strogatz_graph/lam=1/seir_seed_13.csv,watts_strogatz_graph,1.0,0.03,13
simulations/watts_strogatz_graph/lam=1/seir_seed_14.csv,watts_strogatz_graph,1.0,0.03,14
simulations/watts_strogatz_graph/lam=1/seir_seed_15.csv,watts_strogatz_graph,1.0,0.03,15
simulations/watts_strogatz_graph/lam=1/seir_seed_16.csv,watts_strogatz_graph,1.0,0.03,16
simulations/watts_strogatz_graph/lam=1/seir_seed_17.csv,watts_strogatz_graph,1.0,0.03,17
simulations/watts_strogatz_graph/lam=1/seir_seed_18.csv,watts_strogatz_graph,1.0,0.03,18
simulations/watts_strogatz_graph/lam=1/seir_seed_19.csv,watts_strogatz_graph,1.0,0.03,19
simulations/watts_strogatz_graph/lam=1/seir_seed_20.csv,watts_strogatz_graph,1.0,0.03,20
simulations/watts_strogatz_graph/lam=1/seir_seed_21.csv,watts_strogatz_graph,1.0,0.03,21
simulations/watts_strogatz_graph/lam=1/seir_seed_22.csv,watts_strogatz_graph,1.0,0.03,22
simulations/watts_strogatz_graph/lam=1/seir_seed_23.csv,watts_strogatz_graph,1.0,0.03,23
simulations/watts_strogatz_graph/lam=1/seir_seed_24.csv,watts_strogatz_graph,1.0,0.03,24
simulations/watts_strogatz_graph/lam=1/seir_seed_25.csv,watts_strogatz_graph,1.0,0.03,25
simulations/watts_strogatz_graph/lam=1/seir_seed_26.csv,watts_strogatz_graph,1.0,0.03,26
simulations/watts_strogatz_graph/lam=1/seir_seed_27.csv,watts_strogatz_graph,1.0,0.03,27
simulations/watts_strogatz_graph/lam=1/seir_seed_28.csv,watts_strogatz_graph,1.0,0.03,28
simulations/watts_strogatz_graph/lam=1/seir_seed_29.csv,watts_strogatz_graph,1.0,0.03,29
simulations/watts_strogatz_graph/lam=1/seir_seed_30.csv,watts_strogatz_graph,1.0,0.03,30
simulations/watts_strogatz_graph/lam=1/seir_seed_31.csv,watts_strogatz_graph,1.0,0.03,31
simulations/watts_strogatz_graph/lam=1/seir_seed_32.csv,watts_strogatz_graph,1.0,0.03,32
simulations/watts_strogatz_graph/lam=1/seir_seed_33.csv,watts_strogatz_graph,1.0,0.03,33
simulations/watts_strogatz_graph/lam=1/seir_seed_34.csv,watts_strogatz_graph,1.0,0.03,34
simulations/watts_strogatz_graph/lam=1/seir_seed_35.csv,watts_strogatz_graph,1.0,0.03,35
simulations/watts_strogatz_graph/lam=1/seir_seed_36.csv,watts_strogatz_graph,1.0,0.03,36
simulations/watts_strogatz_graph/lam=1/seir_seed_37.csv,watts_strogatz_graph,1.0,0.03,37
simulations/watts_strogatz_graph/lam=1/seir_seed_38.csv,watts_strogatz_graph,1.0,0.03,38
simulations/watts_strogatz_graph/lam=1/seir_seed_39.csv,watts_strogatz_graph,1.0,0.03,39
simulations/watts_strogatz_graph/lam=1/seir_seed_40.csv,watts_strogatz_graph,1.0,0.03,40
simulations/watts_strogatz_graph/lam=1/seir_seed_41.csv,watts_strogatz_graph,1.0,0.03,41
simulations/watts_strogatz_graph/lam=1/seir_seed_42.csv,watts_strogatz_graph,1.0,0.03,42
simulations/watts_strogatz_graph/lam=1/seir_seed_43.csv,watts_strogatz_graph,1.0,0.03,43
simulations/watts_strogatz_graph/lam=1/seir_seed_44.csv,watts_strogatz_graph,1.0,0.03,44
simulations/watts_strogatz_graph/lam=1/seir_seed_45.csv,watts_strogatz_graph,1.0,0.03,45
simulations/watts_strogatz_graph/lam=1/seir_seed_46.csv,watts_strogatz_graph,1.0,0.03,46
simulations/watts_strogatz_graph/lam=1/seir_seed_47.csv,watts_strogatz_graph,1.0,0.03,47
simulations/watts_strogatz_graph/lam=1/seir_seed_48.csv,watts_strogatz_graph,1.0,0.03,48
simulations/watts_strogatz_graph/lam=1/seir_seed_49.csv,watts_strogatz_graph,1.0,0.03,49
simulations/watts_strogatz_graph/lam=2/seir_seed_50.csv,watts_strogatz_graph,2.0,0.03,50
simulations/watts_strogatz_graph/lam=2/seir_seed_51.csv,watts_strogatz_graph,2.0,0.03,51
simulations/watts_strogatz_graph/lam=2/seir_seed_52.csv,watts_strogatz_graph,2.0,0.03,52
simulations/watts_strogatz_graph/lam=2/seir_seed_53.csv,watts_strogatz_graph,2.0,0.03,53
simulations/watts_strogatz_graph/lam=2/seir_seed_54.csv,watts_strogatz_graph,2.0,0.03,54
simulations/watts_strogatz_graph/lam=2/seir_seed_55.csv,watts_strogatz_graph,2.0,0.03,55
simulations/watts_strogatz_graph/lam=2/seir_seed_56.csv,watts_strogatz_graph,2.0,0.03,56
simulations/watts_strogatz_graph/lam=2/seir_seed_57.csv,watts_strogatz_graph,2.0,0.03,57
simulations/watts_strogatz_graph/lam=2/seir_seed_58.csv,watts_strogatz_graph,2.0,0.03,58
simulations/watts_strogatz_graph/lam=2/seir_seed_59.csv,watts_strogatz_graph,2.0,0.03,59
simulations/watts_strogatz_graph/lam=2/seir_seed_60.csv,watts_strogatz_graph,2.0,0.03,60
simulations/watts_strogatz_graph/lam=2/seir_seed_61.csv,watts_strogatz_graph,2.0,0.03,61
simulations/watts_strogatz_graph/lam=2/seir_seed_62.csv,watts_strogatz_graph,2.0,0.03,62
simulations/watts_strogatz_graph/lam=2/seir_seed_63.csv,watts_strogatz_graph,2.0,0.03,63
simulations/watts_strogatz_graph/lam=2/seir_seed_64.csv,watts_strogatz_graph,2.0,0.03,64
simulations/watts_strogatz_graph/lam=2/seir_seed_65.csv,watts_strogatz_graph,2.0,0.03,65
simulations/watts_strogatz_graph/lam=2/seir_seed_66.csv,watts_strogatz_graph,2.0,0.03,66
simulations/watts_strogatz_graph/lam=2/seir_seed_67.csv,watts_strogatz_graph,2.0,0.03,67
simulations/watts_strogatz_graph/lam=2/seir_seed_68.csv,watts_strogatz_graph,2.0,0.03,68
simulations/watts_strogatz_graph/lam=2/seir_seed_69.csv,watts_strogatz_graph,2.0,0.03,69
simulations/watts_strogatz_graph/lam=2/seir_seed_70.csv,watts_strogatz_graph,2.0,0.03,70
simulations/watts_strogatz_graph/lam=2/seir_seed_71.csv,watts_strogatz_graph,2.0,0.03,71
simulations/watts_strogatz_graph/lam=2/seir_seed_72.csv,watts_strogatz_graph,2.0,0.03,72
simulations/watts_strogatz_graph/lam=2/seir_seed_73.csv,watts_strogatz_graph,2.0,0.03,73
simulations/watts_strogatz_graph/lam=2/seir_seed_74.csv,watts_strogatz_graph,2.0,0.03,74
simulations/watts_strogatz_graph/lam=2/seir_seed_75.csv,watts_strogatz_graph,2.0,0.03,75
simulations/watts_strogatz_graph/lam=2/seir_seed_76.csv,watts_strogatz_graph,2.0,0.03,76
simulations/watts_strogatz_graph/lam=2/seir_seed_77.csv,watts_strogatz_graph,2.0,0.03,77
simulations/watts_strogatz_graph/lam=2/seir_seed_78.csv,watts_strogatz_graph,2.0,0.03,78
simulations/watts_strogatz_graph/lam=2/seir_seed_79.csv,watts_strogatz_graph,2.0,0.03,79
simulations/watts_strogatz_graph/lam=2/seir_seed_80.csv,watts_strogatz_graph,2.0,0.03,80
simulations/watts_strogatz_graph/lam=2/seir_seed_81.csv,watts_strogatz_graph,2.0,0.03,81
simulations/watts_strogatz_graph/lam=2/seir_seed_82.csv,watts_strogatz_graph,2.0,0.03,82
simulations/watts_strogatz_graph/lam=2/seir_seed_83.csv,watts_strogatz_graph,2.0,0.03,83
simulations/watts_strogatz_graph/lam=2/seir_seed_84.csv,watts_strogatz_graph,2.0,0.03,84
simulations/watts_strogatz_graph/lam=2/seir_seed_85.csv,watts_strogatz_graph,2.0,0.03,85
simulations/watts_strogatz_graph/lam=2/seir_seed_86.csv,watts_strogatz_graph,2.0,0.03,86
simulations/watts_strogatz_graph/lam=2/seir_seed_87.csv,watts_strogatz_graph,2.0,0.03,87
simulations/watts_strogatz_graph/lam=2/seir_seed_88.csv,watts_strogatz_graph,2.0,0.03,88
simulations/watts_strogatz_graph/lam=2/seir_seed_89.csv,watts_strogatz_graph,2.0,0.03,89
simulations/watts_strogatz_graph/lam=2/seir_seed_90.csv,watts_strogatz_graph,2.0,0.03,90
simulations/watts_strogatz_graph/lam=2/seir_seed_91.csv,watts_strogatz_graph,2.0,0.03,91
simulations/watts_strogatz_graph/lam=2/seir_seed_92.csv,watts_strogatz_graph,2.0,0.03,92
simulations/watts_strogatz_graph/lam=2/seir_seed_93.csv,watts_strogatz_graph,2.0,0.03,93
simulations/watts_strogatz_graph/lam=2/seir_seed_94.csv,watts_strogatz_graph,2.0,0.03,94
simulations/watts_strogatz_graph/lam=2/seir_seed_95.csv,watts_strogatz_graph,2.0,0.03,95
simulations/watts_strogatz_graph/lam=2/seir_seed_96.csv,watts_strogatz_graph,2.0,0.03,96
simulations/watts_strogatz_graph/lam=2/seir_seed_97.csv,watts_strogatz_graph,2.0,0.03,97
simulations/watts_strogatz_graph/lam=2/seir_seed_98.csv,watts_strogatz_graph,2.0,0.03,98
simulations/watts_strogatz_graph/lam=2/seir_seed_99.csv,watts_strogatz_graph,2.0,0.03,99
simulations/watts_strogatz_graph/lam=4/seir_seed_100.csv,watts_strogatz_graph,4.0,0.03,100
simulations/watts_strogatz_graph/lam=4/seir_seed_101.csv,watts_strogatz_graph,4.0,0.03,101
simulations/watts_strogatz_graph/lam=4/seir_seed_102.csv,watts_strogatz_graph,4.0,0.03,102
simulations/watts_strogatz_graph/lam=4/seir_seed_103.csv,watts_strogatz_graph,4.0,0.03,103
simulations/watts_strogatz_graph/lam=4/seir_seed_104.csv,watts_strogatz_graph,4.0,0.03,104
simulations/watts_strogatz_graph/lam=4/seir_seed_105.csv,watts_strogatz_graph,4.0,0.03,105
simulations/watts_strogatz_graph/lam=4/seir_seed_106.csv,watts_strogatz_graph,4.0,0.03,106
simulations/watts_strogatz_graph/lam=4/seir_seed_107.csv,watts_strogatz_graph,4.0,0.03,107
simulations/watts_strogatz_graph/lam=4/seir_seed_108.csv,watts_strogatz_graph,4.0,0.03,108
simulations/watts_strogatz_graph/lam=4/seir_seed_109.csv,watts_strogatz_graph,4.0,0.03,109
simulations/watts_strogatz_graph/lam=4/seir_seed_110.csv,watts_strogatz_graph,4.0,0.03,110
simulations/watts_strogatz_graph/lam=4/seir_seed_111.csv,watts_strogatz_graph,4.0,0.03,111
simulations/watts_strogatz_graph/lam=4/seir_seed_112.csv,watts_strogatz_graph,4.0,0.03,112
simulations/watts_strogatz_graph/lam=4/seir_seed_113.csv,watts_strogatz_graph,4.0,0.03,113
simulations/watts_strogatz_graph/lam=4/seir_seed_114.csv,watts_strogatz_graph,4.0,0.03,114
simulations/watts_strogatz_graph/lam=4/seir_seed_115.csv,watts_strogatz_graph,4.0,0.03,115
simulations/watts_strogatz_graph/lam=4/seir_seed_116.csv,watts_strogatz_graph,4.0,0.03,116
simulations/watts_strogatz_graph/lam=4/seir_seed_117.csv,watts_strogatz_graph,4.0,0.03,117
simulations/watts_strogatz_graph/lam=4/seir_seed_118.csv,watts_strogatz_graph,4.0,0.03,118
simulations/watts_strogatz_graph/lam=4/seir_seed_119.csv,watts_strogatz_graph,4.0,0.03,119
simulations/watts_strogatz_graph/lam=4/seir_seed_120.csv,watts_strogatz_graph,4.0,0.03,120
simulations/watts_strogatz_graph/lam=4/seir_seed_121.csv,watts_strogatz_graph,4.0,0.03,121
simulations/watts_strogatz_graph/lam=4/seir_seed_122.csv,watts_strogatz_graph,4.0,0.03,122
simulations/watts_strogatz_graph/lam=4/seir_seed_123.csv,watts_strogatz_graph,4.0,0.03,123
simulations/watts_strogatz_graph/lam=4/seir_seed_124.csv,watts_strogatz_graph,4.0,0.03,124
simulations/watts_strogatz_graph/lam=4/seir_seed_125.csv,watts_strogatz_graph,4.0,0.03,125
simulations/watts_strogatz_graph/lam=4/seir_seed_126.csv,watts_strogatz_graph,4.0,0.03,126
simulations/watts_strogatz_graph/lam=4/seir_seed_127.csv,watts_strogatz_graph,4.0,0.03,127
simulations/watts_strogatz_graph/lam=4/seir_seed_128.csv,watts_strogatz_graph,4.0,0.03,128
simulations/watts_strogatz_graph/lam=4/seir_seed_129.csv,watts_strogatz_graph,4.0,0.03,129
simulations/watts_strogatz_graph/lam=4/seir_seed_130.csv,watts_strogatz_graph,4.0,0.03,130
simulations/watts_strogatz_graph/lam=4/seir_seed_131.csv,watts_strogatz_graph,4.0,0.03,131
simulations/watts_strogatz_graph/lam=4/seir_seed_132.csv,watts_strogatz_graph,4.0,0.03,132
simulations/watts_strogatz_graph/lam=4/seir_seed_133.csv,watts_strogatz_graph,4.0,0.03,133
simulations/watts_strogatz_graph/lam=4/seir_seed_134.csv,watts_strogatz_graph,4.0,0.03,134
simulations/watts_strogatz_graph/lam=4/seir_seed_135.csv,watts_strogatz_graph,4.0,0.03,135
simulations/watts_strogatz_graph/lam=4/seir_seed_136.csv,watts_strogatz_graph,4.0,0.03,136
simulations/watts_strogatz_graph/lam=4/seir_seed_137.csv,watts_strogatz_graph,4.0,0.03,137
simulations/watts_strogatz_graph/lam=4/seir_seed_138.csv,watts_strogatz_graph,4.0,0.03,138
simulations/watts_strogatz_graph/lam=4/seir_seed_139.csv,watts_strogatz_graph,4.0,0.03,139
simulations/watts_strogatz_graph/lam=4/seir_seed_140.csv,watts_strogatz_graph,4.0,0.03,140
simulations/watts_strogatz_graph/lam=4/seir_seed_141.csv,watts_strogatz_graph,4.0,0.03,141
simulations/watts_strogatz_graph/lam=4/seir_seed_142.csv,watts_strogatz_graph,4.0,0.03,142
simulations/watts_strogatz_graph/lam=4/seir_seed_143.csv,watts_strogatz_graph,4.0,0.03,143
simulations/watts_strogatz_graph/lam=4/seir_seed_144.csv,watts_strogatz_graph,4.0,0.03,144
simulations/watts_strogatz_graph/lam=4/seir_seed_145.csv,watts_strogatz_graph,4.0,0.03,145
simulations/watts_strogatz_graph/lam=4/seir_seed_146.csv,watts_strogatz_graph,4.0,0.03,146
simulations/watts_strogatz_graph/lam=4/seir_seed_147.csv,watts_strogatz_graph,4.0,0.03,147
simulations/watts_strogatz_graph/lam=4/seir_seed_148.csv,watts_strogatz_graph,4.0,0.03,148
simulations/watts_strogatz_graph/lam=4/seir_seed_149.csv,watts_strogatz_graph,4.0,0.03,149
simulations/watts_strogatz_graph/lam=8/seir_seed_150.csv,watts_strogatz_graph,8.0,0.03,150
simulations/watts_strogatz_graph/lam=8/seir_seed_151.csv,watts_strogatz_graph,8.0,0.03,151
simulations/watts_strogatz_graph/lam=8/seir_seed_152.csv,watts_strogatz_graph,8.0,0.03,152
simulations/watts_strogatz_graph/lam=8/seir_seed_153.csv,watts_strogatz_graph,8.0,0.03,153
simulations/watts_strogatz_graph/lam=8/seir_seed_154.csv,watts_strogatz_graph,8.0,0.03,154
simulations/watts_strogatz_graph/lam=8/seir_seed_155.csv,watts_strogatz_graph,8.0,0.03,155
simulations/watts_strogatz_graph/lam=8/seir_seed_156.csv,watts_strogatz_graph,8.0,0.03,156
simulations/watts_strogatz_graph/lam=8/seir_seed_157.csv,watts_strogatz_graph,8.0,0.03,157
simulations/watts_strogatz_graph/lam=8/seir_seed_158.csv,watts_strogatz_graph,8.0,0.03,158
simulations/watts_strogatz_graph/lam=8/seir_seed_159.csv,watts_strogatz_graph,8.0,0.03,159
simulations/watts_strogatz_graph/lam=8/seir_seed_160.csv,watts_strogatz_graph,8.0,0.03,160
simulations/watts_strogatz_graph/lam=8/seir_seed_161.csv,watts_strogatz_graph,8.0,0.03,161
simulations/watts_strogatz_graph/lam=8/seir_seed_162.csv,watts_strogatz_graph,8.0,0.03,162
simulations/watts_strogatz_graph/lam=8/seir_seed_163.csv,watts_strogatz_graph,8.0,0.03,163
simulations/watts_strogatz_graph/lam=8/seir_seed_164.csv,watts_strogatz_graph,8.0,0.03,164
simulations/watts_strogatz_graph/lam=8/seir_seed_165.csv,watts_strogatz_graph,8.0,0.03,165
simulations/watts_strogatz_graph/lam=8/seir_seed_166.csv,watts_strogatz_graph,8.0,0.03,166
simulations/watts_strogatz_graph/lam=8/seir_seed_167.csv,watts_strogatz_graph,8.0,0.03,167
simulations/watts_strogatz_graph/lam=8/seir_seed_168.csv,watts_strogatz_graph,8.0,0.03,168
simulations/watts_strogatz_graph/lam=8/seir_seed_169.csv,watts_strogatz_graph,8.0,0.03,169
simulations/watts_strogatz_graph/lam=8/seir_seed_170.csv,watts_strogatz_graph,8.0,0.03,170
simulations/watts_strogatz_graph/lam=8/seir_seed_171.csv,watts_strogatz_graph,8.0,0.03,171
simulations/watts_strogatz_graph/lam=8/seir_seed_172.csv,watts_strogatz_graph,8.0,0.03,172
simulations/watts_strogatz_graph/lam=8/seir_seed_173.csv,watts_strogatz_graph,8.0,0.03,173
simulations/watts_strogatz_graph/lam=8/seir_seed_174.csv,watts_strogatz_graph,8.0,0.03,174
simulations/watts_strogatz_graph/lam=8/seir_seed_175.csv,watts_strogatz_graph,8.0,0.03,175
simulations/watts_strogatz_graph/lam=8/seir_seed_176.csv,watts_strogatz_graph,8.0,0.03,176
simulations/watts_strogatz_graph/lam=8/seir_seed_177.csv,watts_strogatz_graph,8.0,0.03,177
simulations/watts_strogatz_graph/lam=8/seir_seed_178.csv,watts_strogatz_graph,8.0,0.03,178
simulations/watts_strogatz_graph/lam=8/seir_seed_179.csv,watts_strogatz_graph,8.0,0.03,179
simulations/watts_strogatz_graph/lam=8/seir_seed_180.csv,watts_strogatz_graph,8.0,0.03,180
simulations/watts_strogatz_graph/lam=8/seir_seed_181.csv,watts_strogatz_graph,8.0,0.03,181
simulations/watts_strogatz_graph/lam=8/seir_seed_182.csv,watts_strogatz_graph,8.0,0.03,182
simulations/watts_strogatz_graph/lam=8/seir_seed_183.csv,watts_strogatz_graph,8.0,0.03,183
simulations/watts_strogatz_graph/lam=8/seir_seed_184.csv,watts_strogatz_graph,8.0,0.03,184
simulations/watts_strogatz_graph/lam=8/seir_seed_185.csv,watts_strogatz_graph,8.0,0.03,185
simulations/watts_strogatz_graph/lam=8/seir_seed_186.csv,watts_strogatz_graph,8.0,0.03,186
simulations/watts_strogatz_graph/lam=8/seir_seed_187.csv,watts_strogatz_graph,8.0,0.03,187
simulations/watts_strogatz_graph/lam=8/seir_seed_188.csv,watts_strogatz_graph,8.0,0.03,188
simulations/watts_strogatz_graph/lam=8/seir_seed_189.csv,watts_strogatz_graph,8.0,0.03,189
simulations/watts_strogatz_graph/lam=8/seir_seed_190.csv,watts_strogatz_graph,8.0,0.03,190
simulations/watts_strogatz_graph/lam=8/seir_seed_191.csv,watts_strogatz_graph,8.0,0.03,191
simulations/watts_strogatz_graph/lam=8/seir_seed_192.csv,watts_strogatz_graph,8.0,0.03,192
simulations/watts_strogatz_graph/lam=8/seir_seed_193.csv,watts_strogatz_graph,8.0,0.03,193
simulations/watts_strogatz_graph/lam=8/seir_seed_194.csv,watts_strogatz_graph,8.0,0.03,194
simulations/watts_strogatz_graph/lam=8/seir_seed_195.csv,watts_strogatz_graph,8.0,0.03,195
simulations/watts_strogatz_graph/lam=8/seir_seed_196.csv,watts_strogatz_graph,8.0,0.03,196
simulations/watts_strogatz_graph/lam=8/seir_seed_197.csv,watts_strogatz_graph,8.0,0.03,197
simulations/watts_strogatz_graph/lam=8/seir_seed_198.csv,watts_strogatz_graph,8.0,0.03,198
simulations/watts_strogatz_graph/lam=8/seir_seed_199.csv,watts_strogatz_graph,8.0,0.03,199
simulations/watts_strogatz_graph/lam=16/seir_seed_200.csv,watts_strogatz_graph,16.0,0.03,200
simulations/watts_strogatz_graph/lam=16/seir_seed_201.csv,watts_strogatz_graph,16.0,0.03,201
simulations/watts_strogatz_graph/lam=16/seir_seed_202.csv,watts_strogatz_graph,16.0,0.03,202
simulations/watts_strogatz_graph/lam=16/seir_seed_203.csv,watts_strogatz_graph,16.0,0.03,203
simulations/watts_strogatz_graph/lam=16/seir_seed_204.csv,watts_strogatz_graph,16.0,0.03,204
simulations/watts_strogatz_graph/lam=16/seir_seed_205.csv,watts_strogatz_graph,16.0,0.03,205
simulations/watts_strogatz_graph/lam=16/seir_seed_206.csv,watts_strogatz_graph,16.0,0.03,206
simulations/watts_strogatz_graph/lam=16/seir_seed_207.csv,watts_strogatz_graph,16.0,0.03,207
simulations/watts_strogatz_graph/lam=16/seir_seed_208.csv,watts_strogatz_graph,16.0,0.03,208
simulations/watts_strogatz_graph/lam=16/seir_seed_209.csv,watts_strogatz_graph,16.0,0.03,209
simulations/watts_strogatz_graph/lam=16/seir_seed_210.csv,watts_strogatz_graph,16.0,0.03,210
simulations/watts_strogatz_graph/lam=16/seir_seed_211.csv,watts_strogatz_graph,16.0,0.03,211
simulations/watts_strogatz_graph/lam=16/seir_seed_212.csv,watts_strogatz_graph,16.0,0.03,212
simulations/watts_strogatz_graph/lam=16/seir_seed_213.csv,watts_strogatz_graph,16.0,0.03,213
simulations/watts_strogatz_graph/lam=16/seir_seed_214.csv,watts_strogatz_graph,16.0,0.03,214
simulations/watts_strogatz_graph/lam=16/seir_seed_215.csv,watts_strogatz_graph,16.0,0.03,215
simulations/watts_strogatz_graph/lam=16/seir_seed_216.csv,watts_strogatz_graph,16.0,0.03,216
simulations/watts_strogatz_graph/lam=16/seir_seed_217.csv,watts_strogatz_graph,16.0,0.03,217
simulations/watts_strogatz_graph/lam=16/seir_seed_218.csv,watts_strogatz_graph,16.0,0.03,218
simulations/watts_strogatz_graph/lam=16/seir_seed_219.csv,watts_strogatz_graph,16.0,0.03,219
simulations/watts_strogatz_graph/lam=16/seir_seed_220.csv,watts_strogatz_graph,16.0,0.03,220
simulations/watts_strogatz_graph/lam=16/seir_seed_221.csv,watts_strogatz_graph,16.0,0.03,221
simulations/watts_strogatz_graph/lam=16/seir_seed_222.csv,watts_strogatz_graph,16.0,0.03,222
simulations/watts_strogatz_graph/lam=16/seir_seed_223.csv,watts_strogatz_graph,16.0,0.03,223
simulations/watts_strogatz_graph/lam=16/seir_seed_224.csv,watts_strogatz_graph,16.0,0.03,224
simulations/watts_strogatz_graph/lam=16/seir_seed_225.csv,watts_strogatz_graph,16.0,0.03,225
simulations/watts_strogatz_graph/lam=16/seir_seed_226.csv,watts_strogatz_graph,16.0,0.03,226
simulations/watts_strogatz_graph/lam=16/seir_seed_227.csv,watts_strogatz_graph,16.0,0.03,227
simulations/watts_strogatz_graph/lam=16/seir_seed_228.csv,watts_strogatz_graph,16.0,0.03,228
simulations/watts_strogatz_graph/lam=16/seir_seed_229.csv,watts_strogatz_graph,16.0,0.03,229
simulations/watts_strogatz_graph/lam=16/seir_seed_230.csv,watts_strogatz_graph,16.0,0.03,230
simulations/watts_strogatz_graph/lam=16/seir_seed_231.csv,watts_strogatz_graph,16.0,0.03,231
simulations/watts_strogatz_graph/lam=16/seir_seed_232.csv,watts_strogatz_graph,16.0,0.03,232
simulations/watts_strogatz_graph/lam=16/seir_seed_233.csv,watts_strogatz_graph,16.0,0.03,233
simulations/watts_strogatz_graph/lam=16/seir_seed_234.csv,watts_strogatz_graph,16.0,0.03,234
simulations/watts_strogatz_graph/lam=16/seir_seed_235.csv,watts_strogatz_graph,16.0,0.03,235
simulations/watts_strogatz_graph/lam=16/seir_seed_236.csv,watts_strogatz_graph,16.0,0.03,236
simulations/watts_strogatz_graph/lam=16/seir_seed_237.csv,watts_strogatz_graph,16.0,0.03,237
simulations/watts_strogatz_graph/lam=16/seir_seed_238.csv,watts_strogatz_graph,16.0,0.03,238
simulations/watts_strogatz_graph/lam=16/seir_seed_239.csv,watts_strogatz_graph,16.0,0.03,239
simulations/watts_strogatz_graph/lam=16/seir_seed_240.csv,watts_strogatz_graph,16.0,0.03,240
simulations/watts_strogatz_graph/lam=16/seir_seed_241.csv,watts_strogatz_graph,16.0,0.03,241
simulations/watts_strogatz_graph/lam=16/seir_seed_242.csv,watts_strogatz_graph,16.0,0.03,242
simulations/watts_strogatz_graph/lam=16/seir_seed_243.csv,watts_strogatz_graph,16.0,0.03,243
simulations/watts_strogatz_graph/lam=16/seir_seed_244.csv,watts_strogatz_graph,16.0,0.03,244
simulations/watts_strogatz_graph/lam=16/seir_seed_245.csv,watts_strogatz_graph,16.0,0.03,245
simulations/watts_strogatz_graph/lam=16/seir_seed_246.csv,watts_strogatz_graph,16.0,0.03,246
simulations/watts_strogatz_graph/lam=16/seir_seed_247.csv,watts_strogatz_graph,16.0,0.03,247
simulations/watts_strogatz_graph/lam=16/seir_seed_248.csv,watts_strogatz_graph,16.0,0.03,248
simulations/watts_strogatz_graph/lam=16/seir_seed_249.csv,watts_strogatz_graph,16.0,0.03,249
simulations/watts_strogatz_graph/lam=32/seir_seed_250.csv,watts_strogatz_graph,32.0,0.03,250
simulations/watts_strogatz_graph/lam=32/seir_seed_251.csv,watts_strogatz_graph,32.0,0.03,251
simulations/watts_strogatz_graph/lam=32/seir_seed_252.csv,watts_strogatz_graph,32.0,0.03,252
simulations/watts_strogatz_graph/lam=32/seir_seed_253.csv,watts_strogatz_graph,32.0,0.03,253
simulations/watts_strogatz_graph/lam=32/seir_seed_254.csv,watts_strogatz_graph,32.0,0.03,254
simulations/watts_strogatz_graph/lam=32/seir_seed_255.csv,watts_strogatz_graph,32.0,0.03,255
simulations/watts_strogatz_graph/lam=32/seir_seed_256.csv,watts_strogatz_graph,32.0,0.03,256
simulations/watts_strogatz_graph/lam=32/seir_seed_257.csv,watts_strogatz_graph,32.0,0.03,257
simulations/watts_strogatz_graph/lam=32/seir_seed_258.csv,watts_strogatz_graph,32.0,0.03,258
simulations/watts_strogatz_graph/lam=32/seir_seed_259.csv,watts_strogatz_graph,32.0,0.03,259
simulations/watts_strogatz_graph/lam=32/seir_seed_260.csv,watts_strogatz_graph,32.0,0.03,260
simulations/watts_strogatz_graph/lam=32/seir_seed_261.csv,watts_strogatz_graph,32.0,0.03,261
simulations/watts_strogatz_graph/lam=32/seir_seed_262.csv,watts_strogatz_graph,32.0,0.03,262
simulations/watts_strogatz_graph/lam=32/seir_seed_263.csv,watts_strogatz_graph,32.0,0.03,263
simulations/watts_strogatz_graph/lam=32/seir_seed_264.csv,watts_strogatz_graph,32.0,0.03,264
simulations/watts_strogatz_graph/lam=32/seir_seed_265.csv,watts_strogatz_graph,32.0,0.03,265
simulations/watts_strogatz_graph/lam=32/seir_seed_266.csv,watts_strogatz_graph,32.0,0.03,266
simulations/watts_strogatz_graph/lam=32/seir_seed_267.csv,watts_strogatz_graph,32.0,0.03,267
simulations/watts_strogatz_graph/lam=32/seir_seed_268.csv,watts_strogatz_graph,32.0,0.03,268
simulations/watts_strogatz_graph/lam=32/seir_seed_269.csv,watts_strogatz_graph,32.0,0.03,269
simulations/watts_strogatz_graph/lam=32/seir_seed_270.csv,watts_strogatz_graph,32.0,0.03,270
simulations/watts_strogatz_graph/lam=32/seir_seed_271.csv,watts_strogatz_graph,32.0,0.03,271
simulations/watts_strogatz_graph/lam=32/seir_seed_272.csv,watts_strogatz_graph,32.0,0.03,272
simulations/watts_strogatz_graph/lam=32/seir_seed_273.csv,watts_strogatz_graph,32.0,0.03,273
simulations/watts_strogatz_graph/lam=32/seir_seed_274.csv,watts_strogatz_graph,32.0,0.03,274
simulations/watts_strogatz_graph/lam=32/seir_seed_275.csv,watts_strogatz_graph,32.0,0.03,275
simulations/watts_strogatz_graph/lam=32/seir_seed_276.csv,watts_strogatz_graph,32.0,0.03,276
simulations/watts_strogatz_graph/lam=32/seir_seed_277.csv,watts_strogatz_graph,32.0,0.03,277
simulations/watts_strogatz_graph/lam=32/seir_seed_278.csv,watts_strogatz_graph,32.0,0.03,278
simulations/watts_strogatz_graph/lam=32/seir_seed_279.csv,watts_strogatz_graph,32.0,0.03,279
simulations/watts_strogatz_graph/lam=32/seir_seed_280.csv,watts_strogatz_graph,32.0,0.03,280
simulations/watts_strogatz_graph/lam=32/seir_seed_281.csv,watts_strogatz_graph,32.0,0.03,281
simulations/watts_strogatz_graph/lam=32/seir_seed_282.csv,watts_strogatz_graph,32.0,0.03,282
simulations/watts_strogatz_graph/lam=32/seir_seed_283.csv,watts_strogatz_graph,32.0,0.03,283
simulations/watts_strogatz_graph/lam=32/seir_seed_284.csv,watts_strogatz_graph,32.0,0.03,284
simulations/watts_strogatz_graph/lam=32/seir_seed_285.csv,watts_strogatz_graph,32.0,0.03,285
simulations/watts_strogatz_graph/lam=32/seir_seed_286.csv,watts_strogatz_graph,32.0,0.03,286
simulations/watts_strogatz_graph/lam=32/seir_seed_287.csv,watts_strogatz_graph,32.0,0.03,287
simulations/watts_strogatz_graph/lam=32/seir_seed_288.csv,watts_strogatz_graph,32.0,0.03,288
simulations/watts_strogatz_graph/lam=32/seir_seed_289.csv,watts_strogatz_graph,32.0,0.03,289
simulations/watts_strogatz_graph/lam=32/seir_seed_290.csv,watts_strogatz_graph,32.0,0.03,290
simulations/watts_strogatz_graph/lam=32/seir_seed_291.csv,watts_strogatz_graph,32.0,0.03,291
simulations/watts_strogatz_graph/lam=32/seir_seed_292.csv,watts_strogatz_graph,32.0,0.03,292
simulations/watts_strogatz_graph/lam=32/seir_seed_293.csv,watts_strogatz_graph,32.0,0.03,293
simulations/watts_strogatz_graph/lam=32/seir_seed_294.csv,watts_strogatz_graph,32.0,0.03,294
simulations/watts_strogatz_graph/lam=32/seir_seed_295.csv,watts_strogatz_graph,32.0,0.03,295
simulations/watts_strogatz_graph/lam=32/seir_seed_296.csv,watts_strogatz_graph,32.0,0.03,296
simulations/watts_strogatz_graph/lam=32/seir_seed_297.csv,watts_strogatz_graph,32.0,0.03,297
simulations/watts_strogatz_graph/lam=32/seir_seed_298.csv,watts_strogatz_graph,32.0,0.03,298
simulations/watts_strogatz_graph/lam=32/seir_seed_299.csv,watts_strogatz_graph,32.0,0.03,299
simulations/watts_strogatz_graph/lam=64/seir_seed_300.csv,watts_strogatz_graph,64.0,0.03,300
simulations/watts_strogatz_graph/lam=64/seir_seed_301.csv,watts_strogatz_graph,64.0,0.03,301
simulations/watts_strogatz_graph/lam=64/seir_seed_302.csv,watts_strogatz_graph,64.0,0.03,302
simulations/watts_strogatz_graph/lam=64/seir_seed_303.csv,watts_strogatz_graph,64.0,0.03,303
simulations/watts_strogatz_graph/lam=64/seir_seed_304.csv,watts_strogatz_graph,64.0,0.03,304
simulations/watts_strogatz_graph/lam=64/seir_seed_305.csv,watts_strogatz_graph,64.0,0.03,305
simulations/watts_strogatz_graph/lam=64/seir_seed_306.csv,watts_strogatz_graph,64.0,0.03,306
simulations/watts_strogatz_graph/lam=64/seir_seed_307.csv,watts_strogatz_graph,64.0,0.03,307
simulations/watts_strogatz_graph/lam=64/seir_seed_308.csv,watts_strogatz_graph,64.0,0.03,308
simulations/watts_strogatz_graph/lam=64/seir_seed_309.csv,watts_strogatz_graph,64.0,0.03,309
simulations/watts_strogatz_graph/lam=64/seir_seed_310.csv,watts_strogatz_graph,64.0,0.03,310
simulations/watts_strogatz_graph/lam=64/seir_seed_311.csv,watts_strogatz_graph,64.0,0.03,311
simulations/watts_strogatz_graph/lam=64/seir_seed_312.csv,watts_strogatz_graph,64.0,0.03,312
simulations/watts_strogatz_graph/lam=64/seir_seed_313.csv,watts_strogatz_graph,64.0,0.03,313
simulations/watts_strogatz_graph/lam=64/seir_seed_314.csv,watts_strogatz_graph,64.0,0.03,314
simulations/watts_strogatz_graph/lam=64/seir_seed_315.csv,watts_strogatz_graph,64.0,0.03,315
simulations/watts_strogatz_graph/lam=64/seir_seed_316.csv,watts_strogatz_graph,64.0,0.03,316
simulations/watts_strogatz_graph/lam=64/seir_seed_317.csv,watts_strogatz_graph,64.0,0.03,317
simulations/watts_strogatz_graph/lam=64/seir_seed_318.csv,watts_strogatz_graph,64.0,0.03,318
simulations/watts_strogatz_graph/lam=64/seir_seed_319.csv,watts_strogatz_graph,64.0,0.03,319
simulations/watts_strogatz_graph/lam=64/seir_seed_320.csv,watts_strogatz_graph,64.0,0.03,320
simulations/watts_strogatz_graph/lam=64/seir_seed_321.csv,watts_strogatz_graph,64.0,0.03,321
simulations/watts_strogatz_graph/lam=64/seir_seed_322.csv,watts_strogatz_graph,64.0,0.03,322
simulations/watts_strogatz_graph/lam=64/seir_seed_323.csv,watts_strogatz_graph,64.0,0.03,323
simulations/watts_strogatz_graph/lam=64/seir_seed_324.csv,watts_strogatz_graph,64.0,0.03,324
simulations/watts_strogatz_graph/lam=64/seir_seed_325.csv,watts_strogatz_graph,64.0,0.03,325
simulations/watts_strogatz_graph/lam=64/seir_seed_326.csv,watts_strogatz_graph,64.0,0.03,326
simulations/watts_strogatz_graph/lam=64/seir_seed_327.csv,watts_strogatz_graph,64.0,0.03,327
simulations/watts_strogatz_graph/lam=64/seir_seed_328.csv,watts_strogatz_graph,64.0,0.03,328
simulations/watts_strogatz_graph/lam=64/seir_seed_329.csv,watts_strogatz_graph,64.0,0.03,329
simulations/watts_strogatz_graph/lam=64/seir_seed_330.csv,watts_strogatz_graph,64.0,0.03,330
simulations/watts_strogatz_graph/lam=64/seir_seed_331.csv,watts_strogatz_graph,64.0,0.03,331
simulations/watts_strogatz_graph/lam=64/seir_seed_332.csv,watts_strogatz_graph,64.0,0.03,332
simulations/watts_strogatz_graph/lam=64/seir_seed_333.csv,watts_strogatz_graph,64.0,0.03,333
simulations/watts_strogatz_graph/lam=64/seir_seed_334.csv,watts_strogatz_graph,64.0,0.03,334
simulations/watts_strogatz_graph/lam=64/seir_seed_335.csv,watts_strogatz_graph,64.0,0.03,335
simulations/watts_strogatz_graph/lam=64/seir_seed_336.csv,watts_strogatz_graph,64.0,0.03,336
simulations/watts_strogatz_graph/lam=64/seir_seed_337.csv,watts_strogatz_graph,64.0,0.03,337
simulations/watts_strogatz_graph/lam=64/seir_seed_338.csv,watts_strogatz_graph,64.0,0.03,338
simulations/watts_strogatz_graph/lam=64/seir_seed_339.csv,watts_strogatz_graph,64.0,0.03,339
simulations/watts_strogatz_graph/lam=64/seir_seed_340.csv,watts_strogatz_graph,64.0,0.03,340
simulations/watts_strogatz_graph/lam=64/seir_seed_341.csv,watts_strogatz_graph,64.0,0.03,341
simulations/watts_strogatz_graph/lam=64/seir_seed_342.csv,watts_strogatz_graph,64.0,0.03,342
simulations/watts_strogatz_graph/lam=64/seir_seed_343.csv,watts_strogatz_graph,64.0,0.03,343
simulations/watts_strogatz_graph/lam=64/seir_seed_344.csv,watts_strogatz_graph,64.0,0.03,344
simulations/watts_strogatz_graph/lam=64/seir_seed_345.csv,watts_strogatz_graph,64.0,0.03,345
simulations/watts_strogatz_graph/lam=64/seir_seed_346.csv,watts_strogatz_graph,64.0,0.03,346
simulations/watts_strogatz_graph/lam=64/seir_seed_347.csv,watts_strogatz_graph,64.0,0.03,347
simulations/watts_strogatz_graph/lam=64/seir_seed_348.csv,watts_strogatz_graph,64.0,0.03,348
simulations/watts_strogatz_graph/lam=64/seir_seed_349.csv,watts_strogatz_graph,64.0,0.03,349
simulations/watts_strogatz_graph/lam=128/seir_seed_350.csv,watts_strogatz_graph,128.0,0.03,350
simulations/watts_strogatz_graph/lam=128/seir_seed_351.csv,watts_strogatz_graph,128.0,0.03,351
simulations/watts_strogatz_graph/lam=128/seir_seed_352.csv,watts_strogatz_graph,128.0,0.03,352
simulations/watts_strogatz_graph/lam=128/seir_seed_353.csv,watts_strogatz_graph,128.0,0.03,353
simulations/watts_strogatz_graph/lam=128/seir_seed_354.csv,watts_strogatz_graph,128.0,0.03,354
simulations/watts_strogatz_graph/lam=128/seir_seed_355.csv,watts_strogatz_graph,128.0,0.03,355
simulations/watts_strogatz_graph/lam=128/seir_seed_356.csv,watts_strogatz_graph,128.0,0.03,356
simulations/watts_strogatz_graph/lam=128/seir_seed_357.csv,watts_strogatz_graph,128.0,0.03,357
simulations/watts_strogatz_graph/lam=128/seir_seed_358.csv,watts_strogatz_graph,128.0,0.03,358
simulations/watts_strogatz_graph/lam=128/seir_seed_359.csv,watts_strogatz_graph,128.0,0.03,359
simulations/watts_strogatz_graph/lam=128/seir_seed_360.csv,watts_strogatz_graph,128.0,0.03,360
simulations/watts_strogatz_graph/lam=128/seir_seed_361.csv,watts_strogatz_graph,128.0,0.03,361
simulations/watts_strogatz_graph/lam=128/seir_seed_362.csv,watts_strogatz_graph,128.0,0.03,362
simulations/watts_strogatz_graph/lam=128/seir_seed_363.csv,watts_strogatz_graph,128.0,0.03,363
simulations/watts_strogatz_graph/lam=128/seir_seed_364.csv,watts_strogatz_graph,128.0,0.03,364
simulations/watts_strogatz_graph/lam=128/seir_seed_365.csv,watts_strogatz_graph,128.0,0.03,365
simulations/watts_strogatz_graph/lam=128/seir_seed_366.csv,watts_strogatz_graph,128.0,0.03,366
simulations/watts_strogatz_graph/lam=128/seir_seed_367.csv,watts_strogatz_graph,128.0,0.03,367
simulations/watts_strogatz_graph/lam=128/seir_seed_368.csv,watts_strogatz_graph,128.0,0.03,368
simulations/watts_strogatz_graph/lam=128/seir_seed_369.csv,watts_strogatz_graph,128.0,0.03,369
simulations/watts_strogatz_graph/lam=128/seir_seed_370.csv,watts_strogatz_graph,128.0,0.03,370
simulations/watts_strogatz_graph/lam=128/seir_seed_371.csv,watts_strogatz_graph,128.0,0.03,371
simulations/watts_strogatz_graph/lam=128/seir_seed_372.csv,watts_strogatz_graph,128.0,0.03,372
simulations/watts_strogatz_graph/lam=128/seir_seed_373.csv,watts_strogatz_graph,128.0,0.03,373
simulations/watts_strogatz_graph/lam=128/seir_seed_374.csv,watts_strogatz_graph,128.0,0.03,374
simulations/watts_strogatz_graph/lam=128/seir_seed_375.csv,watts_strogatz_graph,128.0,0.03,375
simulations/watts_strogatz_graph/lam=128/seir_seed_376.csv,watts_strogatz_graph,128.0,0.03,376
simulations/watts_strogatz_graph/lam=128/seir_seed_377.csv,watts_strogatz_graph,128.0,0.03,377
simulations/watts_strogatz_graph/lam=128/seir_seed_378.csv,watts_strogatz_graph,128.0,0.03,378
simulations/watts_strogatz_graph/lam=128/seir_seed_379.csv,watts_strogatz_graph,128.0,0.03,379
simulations/watts_strogatz_graph/lam=128/seir_seed_380.csv,watts_strogatz_graph,128.0,0.03,380
simulations/watts_strogatz_graph/lam=128/seir_seed_381.csv,watts_strogatz_graph,128.0,0.03,381
simulations/watts_strogatz_graph/lam=128/seir_seed_382.csv,watts_strogatz_graph,128.0,0.03,382
simulations/watts_strogatz_graph/lam=128/seir_seed_383.csv,watts_strogatz_graph,128.0,0.03,383
simulations/watts_strogatz_graph/lam=128/seir_seed_384.csv,watts_strogatz_graph,128.0,0.03,384
simulations/watts_strogatz_graph/lam=128/seir_seed_385.csv,watts_strogatz_graph,128.0,0.03,385
simulations/watts_strogatz_graph/lam=128/seir_seed_386.csv,watts_strogatz_graph,128.0,0.03,386
simulations/watts_strogatz_graph/lam=128/seir_seed_387.csv,watts_strogatz_graph,128.0,0.03,387
simulations/watts_strogatz_graph/lam=128/seir_seed_388.csv,watts_strogatz_graph,128.0,0.03,388
simulations/watts_strogatz_graph/lam=128/seir_seed_389.csv,watts_strogatz_graph,128.0,0.03,389
simulations/watts_strogatz_graph/lam=128/seir_seed_390.csv,watts_strogatz_graph,128.0,0.03,390
simulations/watts_strogatz_graph/lam=128/seir_seed_391.csv,watts_strogatz_graph,128.0,0.03,391
simulations/watts_strogatz_graph/lam=128/seir_seed_392.csv,watts_strogatz_graph,128.0,0.03,392
simulations/watts_strogatz_graph/lam=128/seir_seed_393.csv,watts_strogatz_graph,128.0,0.03,393
simulations/watts_strogatz_graph/lam=128/seir_seed_394.csv,watts_strogatz_graph,128.0,0.03,394
simulations/watts_strogatz_graph/lam=128/seir_seed_395.csv,watts_strogatz_graph,128.0,0.03,395
simulations/watts_strogatz_graph/lam=128/seir_seed_396.csv,watts_strogatz_graph,128.0,0.03,396
simulations/watts_strogatz_graph/lam=128/seir_seed_397.csv,watts_strogatz_graph,128.0,0.03,397
simulations/watts_strogatz_graph/lam=128/seir_seed_398.csv,watts_strogatz_graph,128.0,0.03,398
simulations/watts_strogatz_graph/lam=128/seir_seed_399.csv,watts_strogatz_graph,128.0,0.03,399
simulations/watts_strogatz_graph/lam=256/seir_seed_400.csv,watts_strogatz_graph,256.0,0.03,400
simulations/watts_strogatz_graph/lam=256/seir_seed_401.csv,watts_strogatz_graph,256.0,0.03,401
simulations/watts_strogatz_graph/lam=256/seir_seed_402.csv,watts_strogatz_graph,256.0,0.03,402
simulations/watts_strogatz_graph/lam=256/seir_seed_403.csv,watts_strogatz_graph,256.0,0.03,403
simulations/watts_strogatz_graph/lam=256/seir_seed_404.csv,watts_strogatz_graph,256.0,0.03,404
simulations/watts_strogatz_graph/lam=256/seir_seed_405.csv,watts_strogatz_graph,256.0,0.03,405
simulations/watts_strogatz_graph/lam=256/seir_seed_406.csv,watts_strogatz_graph,256.0,0.03,406
simulations/watts_strogatz_graph/lam=256/seir_seed_407.csv,watts_strogatz_graph,256.0,0.03,407
simulations/watts_strogatz_graph/lam=256/seir_seed_408.csv,watts_strogatz_graph,256.0,0.03,408
simulations/watts_strogatz_graph/lam=256/seir_seed_409.csv,watts_strogatz_graph,256.0,0.03,409
simulations/watts_strogatz_graph/lam=256/seir_seed_410.csv,watts_strogatz_graph,256.0,0.03,410
simulations/watts_strogatz_graph/lam=256/seir_seed_411.csv,watts_strogatz_graph,256.0,0.03,411
simulations/watts_strogatz_graph/lam=256/seir_seed_412.csv,watts_strogatz_graph,256.0,0.03,412
simulations/watts_strogatz_graph/lam=256/seir_seed_413.csv,watts_strogatz_graph,256.0,0.03,413
simulations/watts_strogatz_graph/lam=256/seir_seed_414.csv,watts_strogatz_graph,256.0,0.03,414
simulations/watts_strogatz_graph/lam=256/seir_seed_415.csv,watts_strogatz_graph,256.0,0.03,415
simulations/watts_strogatz_graph/lam=256/seir_seed_416.csv,watts_strogatz_graph,256.0,0.03,416
simulations/watts_strogatz_graph/lam=256/seir_seed_417.csv,watts_strogatz_graph,256.0,0.03,417
simulations/watts_strogatz_graph/lam=256/seir_seed_418.csv,watts_strogatz_graph,256.0,0.03,418
simulations/watts_strogatz_graph/lam=256/seir_seed_419.csv,watts_strogatz_graph,256.0,0.03,419
simulations/watts_strogatz_graph/lam=256/seir_seed_420.csv,watts_strogatz_graph,256.0,0.03,420
simulations/watts_strogatz_graph/lam=256/seir_seed_421.csv,watts_strogatz_graph,256.0,0.03,421
simulations/watts_strogatz_graph/lam=256/seir_seed_422.csv,watts_strogatz_graph,256.0,0.03,422
simulations/watts_strogatz_graph/lam=256/seir_seed_423.csv,watts_strogatz_graph,256.0,0.03,423
simulations/watts_strogatz_graph/lam=256/seir_seed_424.csv,watts_strogatz_graph,256.0,0.03,424
simulations/watts_strogatz_graph/lam=256/seir_seed_425.csv,watts_strogatz_graph,256.0,0.03,425
simulations/watts_strogatz_graph/lam=256/seir_seed_426.csv,watts_strogatz_graph,256.0,0.03,426
simulations/watts_strogatz_graph/lam=256/seir_seed_427.csv,watts_strogatz_graph,256.0,0.03,427
simulations/watts_strogatz_graph/lam=256/seir_seed_428.csv,watts_strogatz_graph,256.0,0.03,428
simulations/watts_strogatz_graph/lam=256/seir_seed_429.csv,watts_strogatz_graph,256.0,0.03,429
simulations/watts_strogatz_graph/lam=256/seir_seed_430.csv,watts_strogatz_graph,256.0,0.03,430
simulations/watts_strogatz_graph/lam=256/seir_seed_431.csv,watts_strogatz_graph,256.0,0.03,431
simulations/watts_strogatz_graph/lam=256/seir_seed_432.csv,watts_strogatz_graph,256.0,0.03,432
simulations/watts_strogatz_graph/lam=256/seir_seed_433.csv,watts_strogatz_graph,256.0,0.03,433
simulations/watts_strogatz_graph/lam=256/seir_seed_434.csv,watts_strogatz_graph,256.0,0.03,434
simulations/watts_strogatz_graph/lam=256/seir_seed_435.csv,watts_strogatz_graph,256.0,0.03,435
simulations/watts_strogatz_graph/lam=256/seir_seed_436.csv,watts_strogatz_graph,256.0,0.03,436
simulations/watts_strogatz_graph/lam=256/seir_seed_437.csv,watts_strogatz_graph,256.0,0.03,437
simulations/watts_strogatz_graph/lam=256/seir_seed_438.csv,watts_strogatz_graph,256.0,0.03,438
simulations/watts_strogatz_graph/lam=256/seir_seed_439.csv,watts_strogatz_graph,256.0,0.03,439
simulations/watts_strogatz_graph/lam=256/seir_seed_440.csv,watts_strogatz_graph,256.0,0.03,440
simulations/watts_strogatz_graph/lam=256/seir_seed_441.csv,watts_strogatz_graph,256.0,0.03,441
simulations/watts_strogatz_graph/lam=256/seir_seed_442.csv,watts_strogatz_graph,256.0,0.03,442
simulations/watts_strogatz_graph/lam=256/seir_seed_443.csv,watts_strogatz_graph,256.0,0.03,443
simulations/watts_strogatz_graph/lam=256/seir_seed_444.csv,watts_strogatz_graph,256.0,0.03,444
simulations/watts_strogatz_graph/lam=256/seir_seed_445.csv,watts_strogatz_graph,256.0,0.03,445
simulations/watts_strogatz_graph/lam=256/seir_seed_446.csv,watts_strogatz_graph,256.0,0.03,446
simulations/watts_strogatz_graph/lam=256/seir_seed_447.csv,watts_strogatz_graph,256.0,0.03,447
simulations/watts_strogatz_graph/lam=256/seir_seed_448.csv,watts_strogatz_graph,256.0,0.03,448
simulations/watts_strogatz_graph/lam=256/seir_seed_449.csv,watts_strogatz_graph,256.0,0.03,449
simulations/watts_strogatz_graph/lam=512/seir_seed_450.csv,watts_strogatz_graph,512.0,0.03,450
simulations/watts_strogatz_graph/lam=512/seir_seed_451.csv,watts_strogatz_graph,512.0,0.03,451
simulations/watts_strogatz_graph/lam=512/seir_seed_452.csv,watts_strogatz_graph,512.0,0.03,452
simulations/watts_strogatz_graph/lam=512/seir_seed_453.csv,watts_strogatz_graph,512.0,0.03,453
simulations/watts_strogatz_graph/lam=512/seir_seed_454.csv,watts_strogatz_graph,512.0,0.03,454
simulations/watts_strogatz_graph/lam=512/seir_seed_455.csv,watts_strogatz_graph,512.0,0.03,455
simulations/watts_strogatz_graph/lam=512/seir_seed_456.csv,watts_strogatz_graph,512.0,0.03,456
simulations/watts_strogatz_graph/lam=512/seir_seed_457.csv,watts_strogatz_graph,512.0,0.03,457
simulations/watts_strogatz_graph/lam=512/seir_seed_458.csv,watts_strogatz_graph,512.0,0.03,458
simulations/watts_strogatz_graph/lam=512/seir_seed_459.csv,watts_strogatz_graph,512.0,0.03,459
simulations/watts_strogatz_graph/lam=512/seir_seed_460.csv,watts_strogatz_graph,512.0,0.03,460
simulations/watts_strogatz_graph/lam=512/seir_seed_461.csv,watts_strogatz_graph,512.0,0.03,461
simulations/watts_strogatz_graph/lam=512/seir_seed_462.csv,watts_strogatz_graph,512.0,0.03,462
simulations/watts_strogatz_graph/lam=512/seir_seed_463.csv,watts_strogatz_graph,512.0,0.03,463
simulations/watts_strogatz_graph/lam=512/seir_seed_464.csv,watts_strogatz_graph,512.0,0.03,464
simulations/watts_strogatz_graph/lam=512/seir_seed_465.csv,watts_strogatz_graph,512.0,0.03,465
simulations/watts_strogatz_graph/lam=512/seir_seed_466.csv,watts_strogatz_graph,512.0,0.03,466
simulations/watts_strogatz_graph/lam=512/seir_seed_467.csv,watts_strogatz_graph,512.0,0.03,467
simulations/watts_strogatz_graph/lam=512/seir_seed_468.csv,watts_strogatz_graph,512.0,0.03,468
simulations/watts_strogatz_graph/lam=512/seir_seed_469.csv,watts_strogatz_graph,512.0,0.03,469
simulations/watts_strogatz_graph/lam=512/seir_seed_470.csv,watts_strogatz_graph,512.0,0.03,470
simulations/watts_strogatz_graph/lam=512/seir_seed_471.csv,watts_strogatz_graph,512.0,0.03,471
simulations/watts_strogatz_graph/lam=512/seir_seed_472.csv,watts_strogatz_graph,512.0,0.03,472
simulations/watts_strogatz_graph/lam=512/seir_seed_473.csv,watts_strogatz_graph,512.0,0.03,473
simulations/watts_strogatz_graph/lam=512/seir_seed_474.csv,watts_strogatz_graph,512.0,0.03,474
simulations/watts_strogatz_graph/lam=512/seir_seed_475.csv,watts_strogatz_graph,512.0,0.03,475
simulations/watts_strogatz_graph/lam=512/seir_seed_476.csv,watts_strogatz_graph,512.0,0.03,476
simulations/watts_strogatz_graph/lam=512/seir_seed_477.csv,watts_strogatz_graph,512.0,0.03,477
simulations/watts_strogatz_graph/lam=512/seir_seed_478.csv,watts_strogatz_graph,512.0,0.03,478
simulations/watts_strogatz_graph/lam=512/seir_seed_479.csv,watts_strogatz_graph,512.0,0.03,479
simulations/watts_strogatz_graph/lam=512/seir_seed_480.csv,watts_strogatz_graph,512.0,0.03,480
simulations/watts_strogatz_graph/lam=512/seir_seed_481.csv,watts_strogatz_graph,512.0,0.03,481
simulations/watts_strogatz_graph/lam=512/seir_seed_482.csv,watts_strogatz_graph,512.0,0.03,482
simulations/watts_strogatz_graph/lam=512/seir_seed_483.csv,watts_strogatz_graph,512.0,0.03,483
simulations/watts_strogatz_graph/lam=512/seir_seed_484.csv,watts_strogatz_graph,512.0,0.03,484
simulations/watts_strogatz_graph/lam=512/seir_seed_485.csv,watts_strogatz_graph,512.0,0.03,485
simulations/watts_strogatz_graph/lam=512/seir_seed_486.csv,watts_strogatz_graph,512.0,0.03,486
simulations/watts_strogatz_graph/lam=512/seir_seed_487.csv,watts_strogatz_graph,512.0,0.03,487
simulations/watts_strogatz_graph/lam=512/seir_seed_488.csv,watts_strogatz_graph,512.0,0.03,488
simulations/watts_strogatz_graph/lam=512/seir_seed_489.csv,watts_strogatz_graph,512.0,0.03,489
simulations/watts_strogatz_graph/lam=512/seir_seed_490.csv,watts_strogatz_graph,512.0,0.03,490
simulations/watts_strogatz_graph/lam=512/seir_seed_491.csv,watts_strogatz_graph,512.0,0.03,491
simulations/watts_strogatz_graph/lam=512/seir_seed_492.csv,watts_strogatz_graph,512.0,0.03,492
simulations/watts_strogatz_graph/lam=512/seir_seed_493.csv,watts_strogatz_graph,512.0,0.03,493
simulations/watts_strogatz_graph/lam=512/seir_seed_494.csv,watts_strogatz_graph,512.0,0.03,494
simulations/watts_strogatz_graph/lam=512/seir_seed_495.csv,watts_strogatz_graph,512.0,0.03,495
simulations/watts_strogatz_graph/lam=512/seir_seed_496.csv,watts_strogatz_graph,512.0,0.03,496
simulations/watts_strogatz_graph/lam=512/seir_seed_497.csv,watts_strogatz_graph,512.0,0.03,497
simulations/watts_strogatz_graph/lam=512/seir_seed_498.csv,watts_strogatz_graph,512.0,0.03,498
simulations/watts_strogatz_graph/lam=512/seir_seed_499.csv,watts_strogatz_graph,512.0,0.03,499
simulations/barabasi_albert_graph/lam=1/seir_seed_0.csv,barabasi_albert_graph,1.0,0.05,0
simulations/barabasi_albert_graph/lam=1/seir_seed_1.csv,barabasi_albert_graph,1.0,0.05,1
simulations/barabasi_albert_graph/lam=1/seir_seed_2.csv,barabasi_albert_graph,1.0,0.05,2
simulations/barabasi_albert_graph/lam=1/seir_seed_3.csv,barabasi_albert_graph,1.0,0.05,3
simulations/barabasi_albert_graph/lam=1/seir_seed_4.csv,barabasi_albert_graph,1.0,0.05,4
simulations/barabasi_albert_graph/lam=1/seir_seed_5.csv,barabasi_albert_graph,1.0,0.05,5
simulations/barabasi_albert_graph/lam=1/seir_seed_6.csv,barabasi_albert_graph,1.0,0.05,6
simulations/barabasi_albert_graph/lam=1/seir_seed_7.csv,barabasi_albert_graph,1.0,0.05,7
simulations/barabasi_albert_graph/lam=1/seir_seed_8.csv,barabasi_albert_graph,1.0,0.05,8
simulations/barabasi_albert_graph/lam=1/seir_seed_9.csv,barabasi_albert_graph,1.0,0.05,9
simulations/barabasi_albert_graph/lam=1/seir_seed_10.csv,barabasi_albert_graph,1.0,0.05,10
simulations/barabasi_albert_graph/lam=1/seir_seed_11.csv,barabasi_albert_graph,1.0,0.05,11
simulations/barabasi_albert_graph/lam=1/seir_seed_12.csv,barabasi_albert_graph,1.0,0.05,12
simulations/barabasi_albert_graph/lam=1/seir_seed_13.csv,barabasi_albert_graph,1.0,0.05,13
simulations/barabasi_albert_graph/lam=1/seir_seed_14.csv,barabasi_albert_graph,1.0,0.05,14
simulations/barabasi_albert_graph/lam=1/seir_seed_15.csv,barabasi_albert_graph,1.0,0.05,15
simulations/barabasi_albert_graph/lam=1/seir_seed_16.csv,barabasi_albert_graph,1.0,0.05,16
simulations/barabasi_albert_graph/lam=1/seir_seed_17.csv,barabasi_albert_graph,1.0,0.05,17
simulations/barabasi_albert_graph/lam=1/seir_seed_18.csv,barabasi_albert_graph,1.0,0.05,18
simulations/barabasi_albert_graph/lam=1/seir_seed_19.csv,barabasi_albert_graph,1.0,0.05,19
simulations/barabasi_albert_graph/lam=1/seir_seed_20.csv,barabasi_albert_graph,1.0,0.05,20
simulations/barabasi_albert_graph/lam=1/seir_seed_21.csv,barabasi_albert_graph,1.0,0.05,21
simulations/barabasi_albert_graph/lam=1/seir_seed_22.csv,barabasi_albert_graph,1.0,0.05,22
simulations/barabasi_albert_graph/lam=1/seir_seed_23.csv,barabasi_albert_graph,1.0,0.05,23
simulations/barabasi_albert_graph/lam=1/seir_seed_24.csv,barabasi_albert_graph,1.0,0.05,24
simulations/barabasi_albert_graph/lam=1/seir_seed_25.csv,barabasi_albert_graph,1.0,0.05,25
simulations/barabasi_albert_graph/lam=1/seir_seed_26.csv,barabasi_albert_graph,1.0,0.05,26
simulations/barabasi_albert_graph/lam=1/seir_seed_27.csv,barabasi_albert_graph,1.0,0.05,27
simulations/barabasi_albert_graph/lam=1/seir_seed_28.csv,barabasi_albert_graph,1.0,0.05,28
simulations/barabasi_albert_graph/lam=1/seir_seed_29.csv,barabasi_albert_graph,1.0,0.05,29
simulations/barabasi_albert_graph/lam=1/seir_seed_30.csv,barabasi_albert_graph,1.0,0.05,30
simulations/barabasi_albert_graph/lam=1/seir_seed_31.csv,barabasi_albert_graph,1.0,0.05,31
simulations/barabasi_albert_graph/lam=1/seir_seed_32.csv,barabasi_albert_graph,1.0,0.05,32
simulations/barabasi_albert_graph/lam=1/seir_seed_33.csv,barabasi_albert_graph,1.0,0.05,33
simulations/barabasi_albert_graph/lam=1/seir_seed_34.csv,barabasi_albert_graph,1.0,0.05,34
simulations/barabasi_albert_graph/lam=1/seir_seed_35.csv,barabasi_albert_graph,1.0,0.05,35
simulations/barabasi_albert_graph/lam=1/seir_seed_36.csv,barabasi_albert_graph,1.0,0.05,36
simulations/barabasi_albert_graph/lam=1/seir_seed_37.csv,barabasi_albert_graph,1.0,0.05,37
simulations/barabasi_albert_graph/lam=1/seir_seed_38.csv,barabasi_albert_graph,1.0,0.05,38
simulations/barabasi_albert_graph/lam=1/seir_seed_39.csv,barabasi_albert_graph,1.0,0.05,39
simulations/barabasi_albert_graph/lam=1/seir_seed_40.csv,barabasi_albert_graph,1.0,0.05,40
simulations/barabasi_albert_graph/lam=1/seir_seed_41.csv,barabasi_albert_graph,1.0,0.05,41
simulations/barabasi_albert_graph/lam=1/seir_seed_42.csv,barabasi_albert_graph,1.0,0.05,42
simulations/barabasi_albert_graph/lam=1/seir_seed_43.csv,barabasi_albert_graph,1.0,0.05,43
simulations/barabasi_albert_graph/lam=1/seir_seed_44.csv,barabasi_albert_graph,1.0,0.05,44
simulations/barabasi_albert_graph/lam=1/seir_seed_45.csv,barabasi_albert_graph,1.0,0.05,45
simulations/barabasi_albert_graph/lam=1/seir_seed_46.csv,barabasi_albert_graph,1.0,0.05,46
simulations/barabasi_albert_graph/lam=1/seir_seed_47.csv,barabasi_albert_graph,1.0,0.05,47
simulations/barabasi_albert_graph/lam=1/seir_seed_48.csv,barabasi_albert_graph,1.0,0.05,48
simulations/barabasi_albert_graph/lam=1/seir_seed_49.csv,barabasi_albert_graph,1.0,0.05,49
simulations/barabasi_albert_graph/lam=2/seir_seed_50.csv,barabasi_albert_graph,2.0,0.05,50
simulations/barabasi_albert_graph/lam=2/seir_seed_51.csv,barabasi_albert_graph,2.0,0.05,51
simulations/barabasi_albert_graph/lam=2/seir_seed_52.csv,barabasi_albert_graph,2.0,0.05,52
simulations/barabasi_albert_graph/lam=2/seir_seed_53.csv,barabasi_albert_graph,2.0,0.05,53
simulations/barabasi_albert_graph/lam=2/seir_seed_54.csv,barabasi_albert_graph,2.0,0.05,54
simulations/barabasi_albert_graph/lam=2/seir_seed_55.csv,barabasi_albert_graph,2.0,0.05,55
simulations/barabasi_albert_graph/lam=2/seir_seed_56.csv,barabasi_albert_graph,2.0,0.05,56
simulations/barabasi_albert_graph/lam=2/seir_seed_57.csv,barabasi_albert_graph,2.0,0.05,57
simulations/barabasi_albert_graph/lam=2/seir_seed_58.csv,barabasi_albert_graph,2.0,0.05,58
simulations/barabasi_albert_graph/lam=2/seir_seed_59.csv,barabasi_albert_graph,2.0,0.05,59
simulations/barabasi_albert_graph/lam=2/seir_seed_60.csv,barabasi_albert_graph,2.0,0.05,60
simulations/barabasi_albert_graph/lam=2/seir_seed_61.csv,barabasi_albert_graph,2.0,0.05,61
simulations/barabasi_albert_graph/lam=2/seir_seed_62.csv,barabasi_albert_graph,2.0,0.05,62
simulations/barabasi_albert_graph/lam=2/seir_seed_63.csv,barabasi_albert_graph,2.0,0.05,63
simulations/barabasi_albert_graph/lam=2/seir_seed_64.csv,barabasi_albert_graph,2.0,0.05,64
simulations/barabasi_albert_graph/lam=2/seir_seed_65.csv,barabasi_albert_graph,2.0,0.05,65
simulations/barabasi_albert_graph/lam=2/seir_seed_66.csv,barabasi_albert_graph,2.0,0.05,66
simulations/barabasi_albert_graph/lam=2/seir_seed_67.csv,barabasi_albert_graph,2.0,0.05,67
simulations/barabasi_albert_graph/lam=2/seir_seed_68.csv,barabasi_albert_graph,2.0,0.05,68
simulations/barabasi_albert_graph/lam=2/seir_seed_69.csv,barabasi_albert_graph,2.0,0.05,69
simulations/barabasi_albert_graph/lam=2/seir_seed_70.csv,barabasi_albert_graph,2.0,0.05,70
simulations/barabasi_albert_graph/lam=2/seir_seed_71.csv,barabasi_albert_graph,2.0,0.05,71
simulations/barabasi_albert_graph/lam=2/seir_seed_72.csv,barabasi_albert_graph,2.0,0.05,72
simulations/barabasi_albert_graph/lam=2/seir_seed_73.csv,barabasi_albert_graph,2.0,0.05,73
simulations/barabasi_albert_graph/lam=2/seir_seed_74.csv,barabasi_albert_graph,2.0,0.05,74
simulations/barabasi_albert_graph/lam=2/seir_seed_75.csv,barabasi_albert_graph,2.0,0.05,75
simulations/barabasi_albert_graph/lam=2/seir_seed_76.csv,barabasi_albert_graph,2.0,0.05,76
simulations/barabasi_albert_graph/lam=2/seir_seed_77.csv,barabasi_albert_graph,2.0,0.05,77
simulations/barabasi_albert_graph/lam=2/seir_seed_78.csv,barabasi_albert_graph,2.0,0.05,78
simulations/barabasi_albert_graph/lam=2/seir_seed_79.csv,barabasi_albert_graph,2.0,0.05,79
simulations/barabasi_albert_graph/lam=2/seir_seed_80.csv,barabasi_albert_graph,2.0,0.05,80
simulations/barabasi_albert_graph/lam=2/seir_seed_81.csv,barabasi_albert_graph,2.0,0.05,81
simulations/barabasi_albert_graph/lam=2/seir_seed_82.csv,barabasi_albert_graph,2.0,0.05,82
simulations/barabasi_albert_graph/lam=2/seir_seed_83.csv,barabasi_albert_graph,2.0,0.05,83
simulations/barabasi_albert_graph/lam=2/seir_seed_84.csv,barabasi_albert_graph,2.0,0.05,84
simulations/barabasi_albert_graph/lam=2/seir_seed_85.csv,barabasi_albert_graph,2.0,0.05,85
simulations/barabasi_albert_graph/lam=2/seir_seed_86.csv,barabasi_albert_graph,2.0,0.05,86
simulations/barabasi_albert_graph/lam=2/seir_seed_87.csv,barabasi_albert_graph,2.0,0.05,87
simulations/barabasi_albert_graph/lam=2/seir_seed_88.csv,barabasi_albert_graph,2.0,0.05,88
simulations/barabasi_albert_graph/lam=2/seir_seed_89.csv,barabasi_albert_graph,2.0,0.05,89
simulations/barabasi_albert_graph/lam=2/seir_seed_90.csv,barabasi_albert_graph,2.0,0.05,90
simulations/barabasi_albert_graph/lam=2/seir_seed_91.csv,barabasi_albert_graph,2.0,0.05,91
simulations/barabasi_albert_graph/lam=2/seir_seed_92.csv,barabasi_albert_graph,2.0,0.05,92
simulations/barabasi_albert_graph/lam=2/seir_seed_93.csv,barabasi_albert_graph,2.0,0.05,93
simulations/barabasi_albert_graph/lam=2/seir_seed_94.csv,barabasi_albert_graph,2.0,0.05,94
simulations/barabasi_albert_graph/lam=2/seir_seed_95.csv,barabasi_albert_graph,2.0,0.05,95
simulations/barabasi_albert_graph/lam=2/seir_seed_96.csv,barabasi_albert_graph,2.0,0.05,96
simulations/barabasi_albert_graph/lam=2/seir_seed_97.csv,barabasi_albert_graph,2.0,0.05,97
simulations/barabasi_albert_graph/lam=2/seir_seed_98.csv,barabasi_albert_graph,2.0,0.05,98
simulations/barabasi_albert_graph/lam=2/seir_seed_99.csv,barabasi_albert_graph,2.0,0.05,99
simulations/barabasi_albert_graph/lam=4/seir_seed_100.csv,barabasi_albert_graph,4.0,0.05,100
simulations/barabasi_albert_graph/lam=4/seir_seed_101.csv,barabasi_albert_graph,4.0,0.05,101
simulations/barabasi_albert_graph/lam=4/seir_seed_102.csv,barabasi_albert_graph,4.0,0.05,102
simulations/barabasi_albert_graph/lam=4/seir_seed_103.csv,barabasi_albert_graph,4.0,0.05,103
simulations/barabasi_albert_graph/lam=4/seir_seed_104.csv,barabasi_albert_graph,4.0,0.05,104
simulations/barabasi_albert_graph/lam=4/seir_seed_105.csv,barabasi_albert_graph,4.0,0.05,105
simulations/barabasi_albert_graph/lam=4/seir_seed_106.csv,barabasi_albert_graph,4.0,0.05,106
simulations/barabasi_albert_graph/lam=4/seir_seed_107.csv,barabasi_albert_graph,4.0,0.05,107
simulations/barabasi_albert_graph/lam=4/seir_seed_108.csv,barabasi_albert_graph,4.0,0.05,108
simulations/barabasi_albert_graph/lam=4/seir_seed_109.csv,barabasi_albert_graph,4.0,0.05,109
simulations/barabasi_albert_graph/lam=4/seir_seed_110.csv,barabasi_albert_graph,4.0,0.05,110
simulations/barabasi_albert_graph/lam=4/seir_seed_111.csv,barabasi_albert_graph,4.0,0.05,111
simulations/barabasi_albert_graph/lam=4/seir_seed_112.csv,barabasi_albert_graph,4.0,0.05,112
simulations/barabasi_albert_graph/lam=4/seir_seed_113.csv,barabasi_albert_graph,4.0,0.05,113
simulations/barabasi_albert_graph/lam=4/seir_seed_114.csv,barabasi_albert_graph,4.0,0.05,114
simulations/barabasi_albert_graph/lam=4/seir_seed_115.csv,barabasi_albert_graph,4.0,0.05,115
simulations/barabasi_albert_graph/lam=4/seir_seed_116.csv,barabasi_albert_graph,4.0,0.05,116
simulations/barabasi_albert_graph/lam=4/seir_seed_117.csv,barabasi_albert_graph,4.0,0.05,117
simulations/barabasi_albert_graph/lam=4/seir_seed_118.csv,barabasi_albert_graph,4.0,0.05,118
simulations/barabasi_albert_graph/lam=4/seir_seed_119.csv,barabasi_albert_graph,4.0,0.05,119
simulations/barabasi_albert_graph/lam=4/seir_seed_120.csv,barabasi_albert_graph,4.0,0.05,120
simulations/barabasi_albert_graph/lam=4/seir_seed_121.csv,barabasi_albert_graph,4.0,0.05,121
simulations/barabasi_albert_graph/lam=4/seir_seed_122.csv,barabasi_albert_graph,4.0,0.05,122
simulations/barabasi_albert_graph/lam=4/seir_seed_123.csv,barabasi_albert_graph,4.0,0.05,123
simulations/barabasi_albert_graph/lam=4/seir_seed_124.csv,barabasi_albert_graph,4.0,0.05,124
simulations/barabasi_albert_graph/lam=4/seir_seed_125.csv,barabasi_albert_graph,4.0,0.05,125
simulations/barabasi_albert_graph/lam=4/seir_seed_126.csv,barabasi_albert_graph,4.0,0.05,126
simulations/barabasi_albert_graph/lam=4/seir_seed_127.csv,barabasi_albert_graph,4.0,0.05,127
simulations/barabasi_albert_graph/lam=4/seir_seed_128.csv,barabasi_albert_graph,4.0,0.05,128
simulations/barabasi_albert_graph/lam=4/seir_seed_129.csv,barabasi_albert_graph,4.0,0.05,129
simulations/barabasi_albert_graph/lam=4/seir_seed_130.csv,barabasi_albert_graph,4.0,0.05,130
simulations/barabasi_albert_graph/lam=4/seir_seed_131.csv,barabasi_albert_graph,4.0,0.05,131
simulations/barabasi_albert_graph/lam=4/seir_seed_132.csv,barabasi_albert_graph,4.0,0.05,132
simulations/barabasi_albert_graph/lam=4/seir_seed_133.csv,barabasi_albert_graph,4.0,0.05,133
simulations/barabasi_albert_graph/lam=4/seir_seed_134.csv,barabasi_albert_graph,4.0,0.05,134
simulations/barabasi_albert_graph/lam=4/seir_seed_135.csv,barabasi_albert_graph,4.0,0.05,135
simulations/barabasi_albert_graph/lam=4/seir_seed_136.csv,barabasi_albert_graph,4.0,0.05,136
simulations/barabasi_albert_graph/lam=4/seir_seed_137.csv,barabasi_albert_graph,4.0,0.05,137
simulations/barabasi_albert_graph/lam=4/seir_seed_138.csv,barabasi_albert_graph,4.0,0.05,138
simulations/barabasi_albert_graph/lam=4/seir_seed_139.csv,barabasi_albert_graph,4.0,0.05,139
simulations/barabasi_albert_graph/lam=4/seir_seed_140.csv,barabasi_albert_graph,4.0,0.05,140
simulations/barabasi_albert_graph/lam=4/seir_seed_141.csv,barabasi_albert_graph,4.0,0.05,141
simulations/barabasi_albert_graph/lam=4/seir_seed_142.csv,barabasi_albert_graph,4.0,0.05,142
simulations/barabasi_albert_graph/lam=4/seir_seed_143.csv,barabasi_albert_graph,4.0,0.05,143
simulations/barabasi_albert_graph/lam=4/seir_seed_144.csv,barabasi_albert_graph,4.0,0.05,144
simulations/barabasi_albert_graph/lam=4/seir_seed_145.csv,barabasi_albert_graph,4.0,0.05,145
simulations/barabasi_albert_graph/lam=4/seir_seed_146.csv,barabasi_albert_graph,4.0,0.05,146
simulations/barabasi_albert_graph/lam=4/seir_seed_147.csv,barabasi_albert_graph,4.0,0.05,147
simulations/barabasi_albert_graph/lam=4/seir_seed_148.csv,barabasi_albert_graph,4.0,0.05,148
simulations/barabasi_albert_graph/lam=4/seir_seed_149.csv,barabasi_albert_graph,4.0,0.05,149
simulations/barabasi_albert_graph/lam=8/seir_seed_150.csv,barabasi_albert_graph,8.0,0.05,150
simulations/barabasi_albert_graph/lam=8/seir_seed_151.csv,barabasi_albert_graph,8.0,0.05,151
simulations/barabasi_albert_graph/lam=8/seir_seed_152.csv,barabasi_albert_graph,8.0,0.05,152
simulations/barabasi_albert_graph/lam=8/seir_seed_153.csv,barabasi_albert_graph,8.0,0.05,153
simulations/barabasi_albert_graph/lam=8/seir_seed_154.csv,barabasi_albert_graph,8.0,0.05,154
simulations/barabasi_albert_graph/lam=8/seir_seed_155.csv,barabasi_albert_graph,8.0,0.05,155
simulations/barabasi_albert_graph/lam=8/seir_seed_156.csv,barabasi_albert_graph,8.0,0.05,156
simulations/barabasi_albert_graph/lam=8/seir_seed_157.csv,barabasi_albert_graph,8.0,0.05,157
simulations/barabasi_albert_graph/lam=8/seir_seed_158.csv,barabasi_albert_graph,8.0,0.05,158
simulations/barabasi_albert_graph/lam=8/seir_seed_159.csv,barabasi_albert_graph,8.0,0.05,159
simulations/barabasi_albert_graph/lam=8/seir_seed_160.csv,barabasi_albert_graph,8.0,0.05,160
simulations/barabasi_albert_graph/lam=8/seir_seed_161.csv,barabasi_albert_graph,8.0,0.05,161
simulations/barabasi_albert_graph/lam=8/seir_seed_162.csv,barabasi_albert_graph,8.0,0.05,162
simulations/barabasi_albert_graph/lam=8/seir_seed_163.csv,barabasi_albert_graph,8.0,0.05,163
simulations/barabasi_albert_graph/lam=8/seir_seed_164.csv,barabasi_albert_graph,8.0,0.05,164
simulations/barabasi_albert_graph/lam=8/seir_seed_165.csv,barabasi_albert_graph,8.0,0.05,165
simulations/barabasi_albert_graph/lam=8/seir_seed_166.csv,barabasi_albert_graph,8.0,0.05,166
simulations/barabasi_albert_graph/lam=8/seir_seed_167.csv,barabasi_albert_graph,8.0,0.05,167
simulations/barabasi_albert_graph/lam=8/seir_seed_168.csv,barabasi_albert_graph,8.0,0.05,168
simulations/barabasi_albert_graph/lam=8/seir_seed_169.csv,barabasi_albert_graph,8.0,0.05,169
simulations/barabasi_albert_graph/lam=8/seir_seed_170.csv,barabasi_albert_graph,8.0,0.05,170
simulations/barabasi_albert_graph/lam=8/seir_seed_171.csv,barabasi_albert_graph,8.0,0.05,171
simulations/barabasi_albert_graph/lam=8/seir_seed_172.csv,barabasi_albert_graph,8.0,0.05,172
simulations/barabasi_albert_graph/lam=8/seir_seed_173.csv,barabasi_albert_graph,8.0,0.05,173
simulations/barabasi_albert_graph/lam=8/seir_seed_174.csv,barabasi_albert_graph,8.0,0.05,174
simulations/barabasi_albert_graph/lam=8/seir_seed_175.csv,barabasi_albert_graph,8.0,0.05,175
simulations/barabasi_albert_graph/lam=8/seir_seed_176.csv,barabasi_albert_graph,8.0,0.05,176
simulations/barabasi_albert_graph/lam=8/seir_seed_177.csv,barabasi_albert_graph,8.0,0.05,177
simulations/barabasi_albert_graph/lam=8/seir_seed_178.csv,barabasi_albert_graph,8.0,0.05,178
simulations/barabasi_albert_graph/lam=8/seir_seed_179.csv,barabasi_albert_graph,8.0,0.05,179
simulations/barabasi_albert_graph/lam=8/seir_seed_180.csv,barabasi_albert_graph,8.0,0.05,180
simulations/barabasi_albert_graph/lam=8/seir_seed_181.csv,barabasi_albert_graph,8.0,0.05,181
simulations/barabasi_albert_graph/lam=8/seir_seed_182.csv,barabasi_albert_graph,8.0,0.05,182
simulations/barabasi_albert_graph/lam=8/seir_seed_183.csv,barabasi_albert_graph,8.0,0.05,183
simulations/barabasi_albert_graph/lam=8/seir_seed_184.csv,barabasi_albert_graph,8.0,0.05,184
simulations/barabasi_albert_graph/lam=8/seir_seed_185.csv,barabasi_albert_graph,8.0,0.05,185
simulations/barabasi_albert_graph/lam=8/seir_seed_186.csv,barabasi_albert_graph,8.0,0.05,186
simulations/barabasi_albert_graph/lam=8/seir_seed_187.csv,barabasi_albert_graph,8.0,0.05,187
simulations/barabasi_albert_graph/lam=8/seir_seed_188.csv,barabasi_albert_graph,8.0,0.05,188
simulations/barabasi_albert_graph/lam=8/seir_seed_189.csv,barabasi_albert_graph,8.0,0.05,189
simulations/barabasi_albert_graph/lam=8/seir_seed_190.csv,barabasi_albert_graph,8.0,0.05,190
simulations/barabasi_albert_graph/lam=8/seir_seed_191.csv,barabasi_albert_graph,8.0,0.05,191
simulations/barabasi_albert_graph/lam=8/seir_seed_192.csv,barabasi_albert_graph,8.0,0.05,192
simulations/barabasi_albert_graph/lam=8/seir_seed_193.csv,barabasi_albert_graph,8.0,0.05,193
simulations/barabasi_albert_graph/lam=8/seir_seed_194.csv,barabasi_albert_graph,8.0,0.05,194
simulations/barabasi_albert_graph/lam=8/seir_seed_195.csv,barabasi_albert_graph,8.0,0.05,195
simulations/barabasi_albert_graph/lam=8/seir_seed_196.csv,barabasi_albert_graph,8.0,0.05,196
simulations/barabasi_albert_graph/lam=8/seir_seed_197.csv,barabasi_albert_graph,8.0,0.05,197
simulations/barabasi_albert_graph/lam=8/seir_seed_198.csv,barabasi_albert_graph,8.0,0.05,198
simulations/barabasi_albert_graph/lam=8/seir_seed_199.csv,barabasi_albert_graph,8.0,0.05,199
simulations/barabasi_albert_graph/lam=16/seir_seed_200.csv,barabasi_albert_graph,16.0,0.05,200
simulations/barabasi_albert_graph/lam=16/seir_seed_201.csv,barabasi_albert_graph,16.0,0.05,201
simulations/barabasi_albert_graph/lam=16/seir_seed_202.csv,barabasi_albert_graph,16.0,0.05,202
simulations/barabasi_albert_graph/lam=16/seir_seed_203.csv,barabasi_albert_graph,16.0,0.05,203
simulations/barabasi_albert_graph/lam=16/seir_seed_204.csv,barabasi_albert_graph,16.0,0.05,204
simulations/barabasi_albert_graph/lam=16/seir_seed_205.csv,barabasi_albert_graph,16.0,0.05,205
simulations/barabasi_albert_graph/lam=16/seir_seed_206.csv,barabasi_albert_graph,16.0,0.05,206
simulations/barabasi_albert_graph/lam=16/seir_seed_207.csv,barabasi_albert_graph,16.0,0.05,207
simulations/barabasi_albert_graph/lam=16/seir_seed_208.csv,barabasi_albert_graph,16.0,0.05,208
simulations/barabasi_albert_graph/lam=16/seir_seed_209.csv,barabasi_albert_graph,16.0,0.05,209
simulations/barabasi_albert_graph/lam=16/seir_seed_210.csv,barabasi_albert_graph,16.0,0.05,210
simulations/barabasi_albert_graph/lam=16/seir_seed_211.csv,barabasi_albert_graph,16.0,0.05,211
simulations/barabasi_albert_graph/lam=16/seir_seed_212.csv,barabasi_albert_graph,16.0,0.05,212
simulations/barabasi_albert_graph/lam=16/seir_seed_213.csv,barabasi_albert_graph,16.0,0.05,213
simulations/barabasi_albert_graph/lam=16/seir_seed_214.csv,barabasi_albert_graph,16.0,0.05,214
simulations/barabasi_albert_graph/lam=16/seir_seed_215.csv,barabasi_albert_graph,16.0,0.05,215
simulations/barabasi_albert_graph/lam=16/seir_seed_216.csv,barabasi_albert_graph,16.0,0.05,216
simulations/barabasi_albert_graph/lam=16/seir_seed_217.csv,barabasi_albert_graph,16.0,0.05,217
simulations/barabasi_albert_graph/lam=16/seir_seed_218.csv,barabasi_albert_graph,16.0,0.05,218
simulations/barabasi_albert_graph/lam=16/seir_seed_219.csv,barabasi_albert_graph,16.0,0.05,219
simulations/barabasi_albert_graph/lam=16/seir_seed_220.csv,barabasi_albert_graph,16.0,0.05,220
simulations/barabasi_albert_graph/lam=16/seir_seed_221.csv,barabasi_albert_graph,16.0,0.05,221
simulations/barabasi_albert_graph/lam=16/seir_seed_222.csv,barabasi_albert_graph,16.0,0.05,222
simulations/barabasi_albert_graph/lam=16/seir_seed_223.csv,barabasi_albert_graph,16.0,0.05,223
simulations/barabasi_albert_graph/lam=16/seir_seed_224.csv,barabasi_albert_graph,16.0,0.05,224
simulations/barabasi_albert_graph/lam=16/seir_seed_225.csv,barabasi_albert_graph,16.0,0.05,225
simulations/barabasi_albert_graph/lam=16/seir_seed_226.csv,barabasi_albert_graph,16.0,0.05,226
simulations/barabasi_albert_graph/lam=16/seir_seed_227.csv,barabasi_albert_graph,16.0,0.05,227
simulations/barabasi_albert_graph/lam=16/seir_seed_228.csv,barabasi_albert_graph,16.0,0.05,228
simulations/barabasi_albert_graph/lam=16/seir_seed_229.csv,barabasi_albert_graph,16.0,0.05,229
simulations/barabasi_albert_graph/lam=16/seir_seed_230.csv,barabasi_albert_graph,16.0,0.05,230
simulations/barabasi_albert_graph/lam=16/seir_seed_231.csv,barabasi_albert_graph,16.0,0.05,231
simulations/barabasi_albert_graph/lam=16/seir_seed_232.csv,barabasi_albert_graph,16.0,0.05,232
simulations/barabasi_albert_graph/lam=16/seir_seed_233.csv,barabasi_albert_graph,16.0,0.05,233
simulations/barabasi_albert_graph/lam=16/seir_seed_234.csv,barabasi_albert_graph,16.0,0.05,234
simulations/barabasi_albert_graph/lam=16/seir_seed_235.csv,barabasi_albert_graph,16.0,0.05,235
simulations/barabasi_albert_graph/lam=16/seir_seed_236.csv,barabasi_albert_graph,16.0,0.05,236
simulations/barabasi_albert_graph/lam=16/seir_seed_237.csv,barabasi_albert_graph,16.0,0.05,237
simulations/barabasi_albert_graph/lam=16/seir_seed_238.csv,barabasi_albert_graph,16.0,0.05,238
simulations/barabasi_albert_graph/lam=16/seir_seed_239.csv,barabasi_albert_graph,16.0,0.05,239
simulations/barabasi_albert_graph/lam=16/seir_seed_240.csv,barabasi_albert_graph,16.0,0.05,240
simulations/barabasi_albert_graph/lam=16/seir_seed_241.csv,barabasi_albert_graph,16.0,0.05,241
simulations/barabasi_albert_graph/lam=16/seir_seed_242.csv,barabasi_albert_graph,16.0,0.05,242
simulations/barabasi_albert_graph/lam=16/seir_seed_243.csv,barabasi_albert_graph,16.0,0.05,243
simulations/barabasi_albert_graph/lam=16/seir_seed_244.csv,barabasi_albert_graph,16.0,0.05,244
simulations/barabasi_albert_graph/lam=16/seir_seed_245.csv,barabasi_albert_graph,16.0,0.05,245
simulations/barabasi_albert_graph/lam=16/seir_seed_246.csv,barabasi_albert_graph,16.0,0.05,246
simulations/barabasi_albert_graph/lam=16/seir_seed_247.csv,barabasi_albert_graph,16.0,0.05,247
simulations/barabasi_albert_graph/lam=16/seir_seed_248.csv,barabasi_albert_graph,16.0,0.05,248
simulations/barabasi_albert_graph/lam=16/seir_seed_249.csv,barabasi_albert_graph,16.0,0.05,249
simulations/barabasi_albert_graph/lam=32/seir_seed_250.csv,barabasi_albert_graph,32.0,0.05,250
simulations/barabasi_albert_graph/lam=32/seir_seed_251.csv,barabasi_albert_graph,32.0,0.05,251
simulations/barabasi_albert_graph/lam=32/seir_seed_252.csv,barabasi_albert_graph,32.0,0.05,252
simulations/barabasi_albert_graph/lam=32/seir_seed_253.csv,barabasi_albert_graph,32.0,0.05,253
simulations/barabasi_albert_graph/lam=32/seir_seed_254.csv,barabasi_albert_graph,32.0,0.05,254
simulations/barabasi_albert_graph/lam=32/seir_seed_255.csv,barabasi_albert_graph,32.0,0.05,255
simulations/barabasi_albert_graph/lam=32/seir_seed_256.csv,barabasi_albert_graph,32.0,0.05,256
simulations/barabasi_albert_graph/lam=32/seir_seed_257.csv,barabasi_albert_graph,32.0,0.05,257
simulations/barabasi_albert_graph/lam=32/seir_seed_258.csv,barabasi_albert_graph,32.0,0.05,258
simulations/barabasi_albert_graph/lam=32/seir_seed_259.csv,barabasi_albert_graph,32.0,0.05,259
simulations/barabasi_albert_graph/lam=32/seir_seed_260.csv,barabasi_albert_graph,32.0,0.05,260
simulations/barabasi_albert_graph/lam=32/seir_seed_261.csv,barabasi_albert_graph,32.0,0.05,261
simulations/barabasi_albert_graph/lam=32/seir_seed_262.csv,barabasi_albert_graph,32.0,0.05,262
simulations/barabasi_albert_graph/lam=32/seir_seed_263.csv,barabasi_albert_graph,32.0,0.05,263
simulations/barabasi_albert_graph/lam=32/seir_seed_264.csv,barabasi_albert_graph,32.0,0.05,264
simulations/barabasi_albert_graph/lam=32/seir_seed_265.csv,barabasi_albert_graph,32.0,0.05,265
simulations/barabasi_albert_graph/lam=32/seir_seed_266.csv,barabasi_albert_graph,32.0,0.05,266
simulations/barabasi_albert_graph/lam=32/seir_seed_267.csv,barabasi_albert_graph,32.0,0.05,267
simulations/barabasi_albert_graph/lam=32/seir_seed_268.csv,barabasi_albert_graph,32.0,0.05,268
simulations/barabasi_albert_graph/lam=32/seir_seed_269.csv,barabasi_albert_graph,32.0,0.05,269
simulations/barabasi_albert_graph/lam=32/seir_seed_270.csv,barabasi_albert_graph,32.0,0.05,270
simulations/barabasi_albert_graph/lam=32/seir_seed_271.csv,barabasi_albert_graph,32.0,0.05,271
simulations/barabasi_albert_graph/lam=32/seir_seed_272.csv,barabasi_albert_graph,32.0,0.05,272
simulations/barabasi_albert_graph/lam=32/seir_seed_273.csv,barabasi_albert_graph,32.0,0.05,273
simulations/barabasi_albert_graph/lam=32/seir_seed_274.csv,barabasi_albert_graph,32.0,0.05,274
simulations/barabasi_albert_graph/lam=32/seir_seed_275.csv,barabasi_albert_graph,32.0,0.05,275
simulations/barabasi_albert_graph/lam=32/seir_seed_276.csv,barabasi_albert_graph,32.0,0.05,276
simulations/barabasi_albert_graph/lam=32/seir_seed_277.csv,barabasi_albert_graph,32.0,0.05,277
simulations/barabasi_albert_graph/lam=32/seir_seed_278.csv,barabasi_albert_graph,32.0,0.05,278
simulations/barabasi_albert_graph/lam=32/seir_seed_279.csv,barabasi_albert_graph,32.0,0.05,279
simulations/barabasi_albert_graph/lam=32/seir_seed_280.csv,barabasi_albert_graph,32.0,0.05,280
simulations/barabasi_albert_graph/lam=32/seir_seed_281.csv,barabasi_albert_graph,32.0,0.05,281
simulations/barabasi_albert_graph/lam=32/seir_seed_282.csv,barabasi_albert_graph,32.0,0.05,282
simulations/barabasi_albert_graph/lam=32/seir_seed_283.csv,barabasi_albert_graph,32.0,0.05,283
simulations/barabasi_albert_graph/lam=32/seir_seed_284.csv,barabasi_albert_graph,32.0,0.05,284
simulations/barabasi_albert_graph/lam=32/seir_seed_285.csv,barabasi_albert_graph,32.0,0.05,285
simulations/barabasi_albert_graph/lam=32/seir_seed_286.csv,barabasi_albert_graph,32.0,0.05,286
simulations/barabasi_albert_graph/lam=32/seir_seed_287.csv,barabasi_albert_graph,32.0,0.05,287
simulations/barabasi_albert_graph/lam=32/seir_seed_288.csv,barabasi_albert_graph,32.0,0.05,288
simulations/barabasi_albert_graph/lam=32/seir_seed_289.csv,barabasi_albert_graph,32.0,0.05,289
simulations/barabasi_albert_graph/lam=32/seir_seed_290.csv,barabasi_albert_graph,32.0,0.05,290
simulations/barabasi_albert_graph/lam=32/seir_seed_291.csv,barabasi_albert_graph,32.0,0.05,291
simulations/barabasi_albert_graph/lam=32/seir_seed_292.csv,barabasi_albert_graph,32.0,0.05,292
simulations/barabasi_albert_graph/lam=32/seir_seed_293.csv,barabasi_albert_graph,32.0,0.05,293
simulations/barabasi_albert_graph/lam=32/seir_seed_294.csv,barabasi_albert_graph,32.0,0.05,294
simulations/barabasi_albert_graph/lam=32/seir_seed_295.csv,barabasi_albert_graph,32.0,0.05,295
simulations/barabasi_albert_graph/lam=32/seir_seed_296.csv,barabasi_albert_graph,32.0,0.05,296
simulations/barabasi_albert_graph/lam=32/seir_seed_297.csv,barabasi_albert_graph,32.0,0.05,297
simulations/barabasi_albert_graph/lam=32/seir_seed_298.csv,barabasi_albert_graph,32.0,0.05,298
simulations/barabasi_albert_graph/lam=32/seir_seed_299.csv,barabasi_albert_graph,32.0,0.05,299
simulations/barabasi_albert_graph/lam=64/seir_seed_300.csv,barabasi_albert_graph,64.0,0.05,300
simulations/barabasi_albert_graph/lam=64/seir_seed_301.csv,barabasi_albert_graph,64.0,0.05,301
simulations/barabasi_albert_graph/lam=64/seir_seed_302.csv,barabasi_albert_graph,64.0,0.05,302
simulations/barabasi_albert_graph/lam=64/seir_seed_303.csv,barabasi_albert_graph,64.0,0.05,303
simulations/barabasi_albert_graph/lam=64/seir_seed_304.csv,barabasi_albert_graph,64.0,0.05,304
simulations/barabasi_albert_graph/lam=64/seir_seed_305.csv,barabasi_albert_graph,64.0,0.05,305
simulations/barabasi_albert_graph/lam=64/seir_seed_306.csv,barabasi_albert_graph,64.0,0.05,306
simulations/barabasi_albert_graph/lam=64/seir_seed_307.csv,barabasi_albert_graph,64.0,0.05,307
simulations/barabasi_albert_graph/lam=64/seir_seed_308.csv,barabasi_albert_graph,64.0,0.05,308
simulations/barabasi_albert_graph/lam=64/seir_seed_309.csv,barabasi_albert_graph,64.0,0.05,309
simulations/barabasi_albert_graph/lam=64/seir_seed_310.csv,barabasi_albert_graph,64.0,0.05,310
simulations/barabasi_albert_graph/lam=64/seir_seed_311.csv,barabasi_albert_graph,64.0,0.05,311
simulations/barabasi_albert_graph/lam=64/seir_seed_312.csv,barabasi_albert_graph,64.0,0.05,312
simulations/barabasi_albert_graph/lam=64/seir_seed_313.csv,barabasi_albert_graph,64.0,0.05,313
simulations/barabasi_albert_graph/lam=64/seir_seed_314.csv,barabasi_albert_graph,64.0,0.05,314
simulations/barabasi_albert_graph/lam=64/seir_seed_315.csv,barabasi_albert_graph,64.0,0.05,315
simulations/barabasi_albert_graph/lam=64/seir_seed_316.csv,barabasi_albert_graph,64.0,0.05,316
simulations/barabasi_albert_graph/lam=64/seir_seed_317.csv,barabasi_albert_graph,64.0,0.05,317
simulations/barabasi_albert_graph/lam=64/seir_seed_318.csv,barabasi_albert_graph,64.0,0.05,318
simulations/barabasi_albert_graph/lam=64/seir_seed_319.csv,barabasi_albert_graph,64.0,0.05,319
simulations/barabasi_albert_graph/lam=64/seir_seed_320.csv,barabasi_albert_graph,64.0,0.05,320
simulations/barabasi_albert_graph/lam=64/seir_seed_321.csv,barabasi_albert_graph,64.0,0.05,321
simulations/barabasi_albert_graph/lam=64/seir_seed_322.csv,barabasi_albert_graph,64.0,0.05,322
simulations/barabasi_albert_graph/lam=64/seir_seed_323.csv,barabasi_albert_graph,64.0,0.05,323
simulations/barabasi_albert_graph/lam=64/seir_seed_324.csv,barabasi_albert_graph,64.0,0.05,324
simulations/barabasi_albert_graph/lam=64/seir_seed_325.csv,barabasi_albert_graph,64.0,0.05,325
simulations/barabasi_albert_graph/lam=64/seir_seed_326.csv,barabasi_albert_graph,64.0,0.05,326
simulations/barabasi_albert_graph/lam=64/seir_seed_327.csv,barabasi_albert_graph,64.0,0.05,327
simulations/barabasi_albert_graph/lam=64/seir_seed_328.csv,barabasi_albert_graph,64.0,0.05,328
simulations/barabasi_albert_graph/lam=64/seir_seed_329.csv,barabasi_albert_graph,64.0,0.05,329
simulations/barabasi_albert_graph/lam=64/seir_seed_330.csv,barabasi_albert_graph,64.0,0.05,330
simulations/barabasi_albert_graph/lam=64/seir_seed_331.csv,barabasi_albert_graph,64.0,0.05,331
simulations/barabasi_albert_graph/lam=64/seir_seed_332.csv,barabasi_albert_graph,64.0,0.05,332
simulations/barabasi_albert_graph/lam=64/seir_seed_333.csv,barabasi_albert_graph,64.0,0.05,333
simulations/barabasi_albert_graph/lam=64/seir_seed_334.csv,barabasi_albert_graph,64.0,0.05,334
simulations/barabasi_albert_graph/lam=64/seir_seed_335.csv,barabasi_albert_graph,64.0,0.05,335
simulations/barabasi_albert_graph/lam=64/seir_seed_336.csv,barabasi_albert_graph,64.0,0.05,336
simulations/barabasi_albert_graph/lam=64/seir_seed_337.csv,barabasi_albert_graph,64.0,0.05,337
simulations/barabasi_albert_graph/lam=64/seir_seed_338.csv,barabasi_albert_graph,64.0,0.05,338
simulations/barabasi_albert_graph/lam=64/seir_seed_339.csv,barabasi_albert_graph,64.0,0.05,339
simulations/barabasi_albert_graph/lam=64/seir_seed_340.csv,barabasi_albert_graph,64.0,0.05,340
simulations/barabasi_albert_graph/lam=64/seir_seed_341.csv,barabasi_albert_graph,64.0,0.05,341
simulations/barabasi_albert_graph/lam=64/seir_seed_342.csv,barabasi_albert_graph,64.0,0.05,342
simulations/barabasi_albert_graph/lam=64/seir_seed_343.csv,barabasi_albert_graph,64.0,0.05,343
simulations/barabasi_albert_graph/lam=64/seir_seed_344.csv,barabasi_albert_graph,64.0,0.05,344
simulations/barabasi_albert_graph/lam=64/seir_seed_345.csv,barabasi_albert_graph,64.0,0.05,345
simulations/barabasi_albert_graph/lam=64/seir_seed_346.csv,barabasi_albert_graph,64.0,0.05,346
simulations/barabasi_albert_graph/lam=64/seir_seed_347.csv,barabasi_albert_graph,64.0,0.05,347
simulations/barabasi_albert_graph/lam=64/seir_seed_348.csv,barabasi_albert_graph,64.0,0.05,348
simulations/barabasi_albert_graph/lam=64/seir_seed_349.csv,barabasi_albert_graph,64.0,0.05,349
simulations/barabasi_albert_graph/lam=128/seir_seed_350.csv,barabasi_albert_graph,128.0,0.05,350
simulations/barabasi_albert_graph/lam=128/seir_seed_351.csv,barabasi_albert_graph,128.0,0.05,351
simulations/barabasi_albert_graph/lam=128/seir_seed_352.csv,barabasi_albert_graph,128.0,0.05,352
simulations/barabasi_albert_graph/lam=128/seir_seed_353.csv,barabasi_albert_graph,128.0,0.05,353
simulations/barabasi_albert_graph/lam=128/seir_seed_354.csv,barabasi_albert_graph,128.0,0.05,354
simulations/barabasi_albert_graph/lam=128/seir_seed_355.csv,barabasi_albert_graph,128.0,0.05,355
simulations/barabasi_albert_graph/lam=128/seir_seed_356.csv,barabasi_albert_graph,128.0,0.05,356
simulations/barabasi_albert_graph/lam=128/seir_seed_357.csv,barabasi_albert_graph,128.0,0.05,357
simulations/barabasi_albert_graph/lam=128/seir_seed_358.csv,barabasi_albert_graph,128.0,0.05,358
simulations/barabasi_albert_graph/lam=128/seir_seed_359.csv,barabasi_albert_graph,128.0,0.05,359
simulations/barabasi_albert_graph/lam=128/seir_seed_360.csv,barabasi_albert_graph,128.0,0.05,360
simulations/barabasi_albert_graph/lam=128/seir_seed_361.csv,barabasi_albert_graph,128.0,0.05,361
simulations/barabasi_albert_graph/lam=128/seir_seed_362.csv,barabasi_albert_graph,128.0,0.05,362
simulations/barabasi_albert_graph/lam=128/seir_seed_363.csv,barabasi_albert_graph,128.0,0.05,363
simulations/barabasi_albert_graph/lam=128/seir_seed_364.csv,barabasi_albert_graph,128.0,0.05,364
simulations/barabasi_albert_graph/lam=128/seir_seed_365.csv,barabasi_albert_graph,128.0,0.05,365
simulations/barabasi_albert_graph/lam=128/seir_seed_366.csv,barabasi_albert_graph,128.0,0.05,366
simulations/barabasi_albert_graph/lam=128/seir_seed_367.csv,barabasi_albert_graph,128.0,0.05,367
simulations/barabasi_albert_graph/lam=128/seir_seed_368.csv,barabasi_albert_graph,128.0,0.05,368
simulations/barabasi_albert_graph/lam=128/seir_seed_369.csv,barabasi_albert_graph,128.0,0.05,369
simulations/barabasi_albert_graph/lam=128/seir_seed_370.csv,barabasi_albert_graph,128.0,0.05,370
simulations/barabasi_albert_graph/lam=128/seir_seed_371.csv,barabasi_albert_graph,128.0,0.05,371
simulations/barabasi_albert_graph/lam=128/seir_seed_372.csv,barabasi_albert_graph,128.0,0.05,372
simulations/barabasi_albert_graph/lam=128/seir_seed_373.csv,barabasi_albert_graph,128.0,0.05,373
simulations/barabasi_albert_graph/lam=128/seir_seed_374.csv,barabasi_albert_graph,128.0,0.05,374
simulations/barabasi_albert_graph/lam=128/seir_seed_375.csv,barabasi_albert_graph,128.0,0.05,375
simulations/barabasi_albert_graph/lam=128/seir_seed_376.csv,barabasi_albert_graph,128.0,0.05,376
simulations/barabasi_albert_graph/lam=128/seir_seed_377.csv,barabasi_albert_graph,128.0,0.05,377
simulations/barabasi_albert_graph/lam=128/seir_seed_378.csv,barabasi_albert_graph,128.0,0.05,378
simulations/barabasi_albert_graph/lam=128/seir_seed_379.csv,barabasi_albert_graph,128.0,0.05,379
simulations/barabasi_albert_graph/lam=128/seir_seed_380.csv,barabasi_albert_graph,128.0,0.05,380
simulations/barabasi_albert_graph/lam=128/seir_seed_381.csv,barabasi_albert_graph,128.0,0.05,381
simulations/barabasi_albert_graph/lam=128/seir_seed_382.csv,barabasi_albert_graph,128.0,0.05,382
simulations/barabasi_albert_graph/lam=128/seir_seed_383.csv,barabasi_albert_graph,128.0,0.05,383
simulations/barabasi_albert_graph/lam=128/seir_seed_384.csv,barabasi_albert_graph,128.0,0.05,384
simulations/barabasi_albert_graph/lam=128/seir_seed_385.csv,barabasi_albert_graph,128.0,0.05,385
simulations/barabasi_albert_graph/lam=128/seir_seed_386.csv,barabasi_albert_graph,128.0,0.05,386
simulations/barabasi_albert_graph/lam=128/seir_seed_387.csv,barabasi_albert_graph,128.0,0.05,387
simulations/barabasi_albert_graph/lam=128/seir_seed_388.csv,barabasi_albert_graph,128.0,0.05,388
simulations/barabasi_albert_graph/lam=128/seir_seed_389.csv,barabasi_albert_graph,128.0,0.05,389
simulations/barabasi_albert_graph/lam=128/seir_seed_390.csv,barabasi_albert_graph,128.0,0.05,390
simulations/barabasi_albert_graph/lam=128/seir_seed_391.csv,barabasi_albert_graph,128.0,0.05,391
simulations/barabasi_albert_graph/lam=128/seir_seed_392.csv,barabasi_albert_graph,128.0,0.05,392
simulations/barabasi_albert_graph/lam=128/seir_seed_393.csv,barabasi_albert_graph,128.0,0.05,393
simulations/barabasi_albert_graph/lam=128/seir_seed_394.csv,barabasi_albert_graph,128.0,0.05,394
simulations/barabasi_albert_graph/lam=128/seir_seed_395.csv,barabasi_albert_graph,128.0,0.05,395
simulations/barabasi_albert_graph/lam=128/seir_seed_396.csv,barabasi_albert_graph,128.0,0.05,396
simulations/barabasi_albert_graph/lam=128/seir_seed_397.csv,barabasi_albert_graph,128.0,0.05,397
simulations/barabasi_albert_graph/lam=128/seir_seed_398.csv,barabasi_albert_graph,128.0,0.05,398
simulations/barabasi_albert_graph/lam=128/seir_seed_399.csv,barabasi_albert_graph,128.0,0.05,399
simulations/barabasi_albert_graph/lam=256/seir_seed_400.csv,barabasi_albert_graph,256.0,0.05,400
simulations/barabasi_albert_graph/lam=256/seir_seed_401.csv,barabasi_albert_graph,256.0,0.05,401
simulations/barabasi_albert_graph/lam=256/seir_seed_402.csv,barabasi_albert_graph,256.0,0.05,402
simulations/barabasi_albert_graph/lam=256/seir_seed_403.csv,barabasi_albert_graph,256.0,0.05,403
simulations/barabasi_albert_graph/lam=256/seir_seed_404.csv,barabasi_albert_graph,256.0,0.05,404
simulations/barabasi_albert_graph/lam=256/seir_seed_405.csv,barabasi_albert_graph,256.0,0.05,405
simulations/barabasi_albert_graph/lam=256/seir_seed_406.csv,barabasi_albert_graph,256.0,0.05,406
simulations/barabasi_albert_graph/lam=256/seir_seed_407.csv,barabasi_albert_graph,256.0,0.05,407
simulations/barabasi_albert_graph/lam=256/seir_seed_408.csv,barabasi_albert_graph,256.0,0.05,408
simulations/barabasi_albert_graph/lam=256/seir_seed_409.csv,barabasi_albert_graph,256.0,0.05,409
simulations/barabasi_albert_graph/lam=256/seir_seed_410.csv,barabasi_albert_graph,256.0,0.05,410
simulations/barabasi_albert_graph/lam=256/seir_seed_411.csv,barabasi_albert_graph,256.0,0.05,411
simulations/barabasi_albert_graph/lam=256/seir_seed_412.csv,barabasi_albert_graph,256.0,0.05,412
simulations/barabasi_albert_graph/lam=256/seir_seed_413.csv,barabasi_albert_graph,256.0,0.05,413
simulations/barabasi_albert_graph/lam=256/seir_seed_414.csv,barabasi_albert_graph,256.0,0.05,414
simulations/barabasi_albert_graph/lam=256/seir_seed_415.csv,barabasi_albert_graph,256.0,0.05,415
simulations/barabasi_albert_graph/lam=256/seir_seed_416.csv,barabasi_albert_graph,256.0,0.05,416
simulations/barabasi_albert_graph/lam=256/seir_seed_417.csv,barabasi_albert_graph,256.0,0.05,417
simulations/barabasi_albert_graph/lam=256/seir_seed_418.csv,barabasi_albert_graph,256.0,0.05,418
simulations/barabasi_albert_graph/lam=256/seir_seed_419.csv,barabasi_albert_graph,256.0,0.05,419
simulations/barabasi_albert_graph/lam=256/seir_seed_420.csv,barabasi_albert_graph,256.0,0.05,420
simulations/barabasi_albert_graph/lam=256/seir_seed_421.csv,barabasi_albert_graph,256.0,0.05,421
simulations/barabasi_albert_graph/lam=256/seir_seed_422.csv,barabasi_albert_graph,256.0,0.05,422
simulations/barabasi_albert_graph/lam=256/seir_seed_423.csv,barabasi_albert_graph,256.0,0.05,423
simulations/barabasi_albert_graph/lam=256/seir_seed_424.csv,barabasi_albert_graph,256.0,0.05,424
simulations/barabasi_albert_graph/lam=256/seir_seed_425.csv,barabasi_albert_graph,256.0,0.05,425
simulations/barabasi_albert_graph/lam=256/seir_seed_426.csv,barabasi_albert_graph,256.0,0.05,426
simulations/barabasi_albert_graph/lam=256/seir_seed_427.csv,barabasi_albert_graph,256.0,0.05,427
simulations/barabasi_albert_graph/lam=256/seir_seed_428.csv,barabasi_albert_graph,256.0,0.05,428
simulations/barabasi_albert_graph/lam=256/seir_seed_429.csv,barabasi_albert_graph,256.0,0.05,429
simulations/barabasi_albert_graph/lam=256/seir_seed_430.csv,barabasi_albert_graph,256.0,0.05,430
simulations/barabasi_albert_graph/lam=256/seir_seed_431.csv,barabasi_albert_graph,256.0,0.05,431
simulations/barabasi_albert_graph/lam=256/seir_seed_432.csv,barabasi_albert_graph,256.0,0.05,432
simulations/barabasi_albert_graph/lam=256/seir_seed_433.csv,barabasi_albert_graph,256.0,0.05,433
simulations/barabasi_albert_graph/lam=256/seir_seed_434.csv,barabasi_albert_graph,256.0,0.05,434
simulations/barabasi_albert_graph/lam=256/seir_seed_435.csv,barabasi_albert_graph,256.0,0.05,435
simulations/barabasi_albert_graph/lam=256/seir_seed_436.csv,barabasi_albert_graph,256.0,0.05,436
simulations/barabasi_albert_graph/lam=256/seir_seed_437.csv,barabasi_albert_graph,256.0,0.05,437
simulations/barabasi_albert_graph/lam=256/seir_seed_438.csv,barabasi_albert_graph,256.0,0.05,438
simulations/barabasi_albert_graph/lam=256/seir_seed_439.csv,barabasi_albert_graph,256.0,0.05,439
simulations/barabasi_albert_graph/lam=256/seir_seed_440.csv,barabasi_albert_graph,256.0,0.05,440
simulations/barabasi_albert_graph/lam=256/seir_seed_441.csv,barabasi_albert_graph,256.0,0.05,441
simulations/barabasi_albert_graph/lam=256/seir_seed_442.csv,barabasi_albert_graph,256.0,0.05,442
simulations/barabasi_albert_graph/lam=256/seir_seed_443.csv,barabasi_albert_graph,256.0,0.05,443
simulations/barabasi_albert_graph/lam=256/seir_seed_444.csv,barabasi_albert_graph,256.0,0.05,444
simulations/barabasi_albert_graph/lam=256/seir_seed_445.csv,barabasi_albert_graph,256.0,0.05,445
simulations/barabasi_albert_graph/lam=256/seir_seed_446.csv,barabasi_albert_graph,256.0,0.05,446
simulations/barabasi_albert_graph/lam=256/seir_seed_447.csv,barabasi_albert_graph,256.0,0.05,447
simulations/barabasi_albert_graph/lam=256/seir_seed_448.csv,barabasi_albert_graph,256.0,0.05,448
simulations/barabasi_albert_graph/lam=256/seir_seed_449.csv,barabasi_albert_graph,256.0,0.05,449
simulations/barabasi_albert_graph/lam=512/seir_seed_450.csv,barabasi_albert_graph,512.0,0.05,450
simulations/barabasi_albert_graph/lam=512/seir_seed_451.csv,barabasi_albert_graph,512.0,0.05,451
simulations/barabasi_albert_graph/lam=512/seir_seed_452.csv,barabasi_albert_graph,512.0,0.05,452
simulations/barabasi_albert_graph/lam=512/seir_seed_453.csv,barabasi_albert_graph,512.0,0.05,453
simulations/barabasi_albert_graph/lam=512/seir_seed_454.csv,barabasi_albert_graph,512.0,0.05,454
simulations/barabasi_albert_graph/lam=512/seir_seed_455.csv,barabasi_albert_graph,512.0,0.05,455
simulations/barabasi_albert_graph/lam=512/seir_seed_456.csv,barabasi_albert_graph,512.0,0.05,456
simulations/barabasi_albert_graph/lam=512/seir_seed_457.csv,barabasi_albert_graph,512.0,0.05,457
simulations/barabasi_albert_graph/lam=512/seir_seed_458.csv,barabasi_albert_graph,512.0,0.05,458
simulations/barabasi_albert_graph/lam=512/seir_seed_459.csv,barabasi_albert_graph,512.0,0.05,459
simulations/barabasi_albert_graph/lam=512/seir_seed_460.csv,barabasi_albert_graph,512.0,0.05,460
simulations/barabasi_albert_graph/lam=512/seir_seed_461.csv,barabasi_albert_graph,512.0,0.05,461
simulations/barabasi_albert_graph/lam=512/seir_seed_462.csv,barabasi_albert_graph,512.0,0.05,462
simulations/barabasi_albert_graph/lam=512/seir_seed_463.csv,barabasi_albert_graph,512.0,0.05,463
simulations/barabasi_albert_graph/lam=512/seir_seed_464.csv,barabasi_albert_graph,512.0,0.05,464
simulations/barabasi_albert_graph/lam=512/seir_seed_465.csv,barabasi_albert_graph,512.0,0.05,465
simulations/barabasi_albert_graph/lam=512/seir_seed_466.csv,barabasi_albert_graph,512.0,0.05,466
simulations/barabasi_albert_graph/lam=512/seir_seed_467.csv,barabasi_albert_graph,512.0,0.05,467
simulations/barabasi_albert_graph/lam=512/seir_seed_468.csv,barabasi_albert_graph,512.0,0.05,468
simulations/barabasi_albert_graph/lam=512/seir_seed_469.csv,barabasi_albert_graph,512.0,0.05,469
simulations/barabasi_albert_graph/lam=512/seir_seed_470.csv,barabasi_albert_graph,512.0,0.05,470
simulations/barabasi_albert_graph/lam=512/seir_seed_471.csv,barabasi_albert_graph,512.0,0.05,471
simulations/barabasi_albert_graph/lam=512/seir_seed_472.csv,barabasi_albert_graph,512.0,0.05,472
simulations/barabasi_albert_graph/lam=512/seir_seed_473.csv,barabasi_albert_graph,512.0,0.05,473
simulations/barabasi_albert_graph/lam=512/seir_seed_474.csv,barabasi_albert_graph,512.0,0.05,474
simulations/barabasi_albert_graph/lam=512/seir_seed_475.csv,barabasi_albert_graph,512.0,0.05,475
simulations/barabasi_albert_graph/lam=512/seir_seed_476.csv,barabasi_albert_graph,512.0,0.05,476
simulations/barabasi_albert_graph/lam=512/seir_seed_477.csv,barabasi_albert_graph,512.0,0.05,477
simulations/barabasi_albert_graph/lam=512/seir_seed_478.csv,barabasi_albert_graph,512.0,0.05,478
simulations/barabasi_albert_graph/lam=512/seir_seed_479.csv,barabasi_albert_graph,512.0,0.05,479
simulations/barabasi_albert_graph/lam=512/seir_seed_480.csv,barabasi_albert_graph,512.0,0.05,480
simulations/barabasi_albert_graph/lam=512/seir_seed_481.csv,barabasi_albert_graph,512.0,0.05,481
simulations/barabasi_albert_graph/lam=512/seir_seed_482.csv,barabasi_albert_graph,512.0,0.05,482
simulations/barabasi_albert_graph/lam=512/seir_seed_483.csv,barabasi_albert_graph,512.0,0.05,483
simulations/barabasi_albert_graph/lam=512/seir_seed_484.csv,barabasi_albert_graph,512.0,0.05,484
simulations/barabasi_albert_graph/lam=512/seir_seed_485.csv,barabasi_albert_graph,512.0,0.05,485
simulations/barabasi_albert_graph/lam=512/seir_seed_486.csv,barabasi_albert_graph,512.0,0.05,486
simulations/barabasi_albert_graph/lam=512/seir_seed_487.csv,barabasi_albert_graph,512.0,0.05,487
simulations/barabasi_albert_graph/lam=512/seir_seed_488.csv,barabasi_albert_graph,512.0,0.05,488
simulations/barabasi_albert_graph/lam=512/seir_seed_489.csv,barabasi_albert_graph,512.0,0.05,489
simulations/barabasi_albert_graph/lam=512/seir_seed_490.csv,barabasi_albert_graph,512.0,0.05,490
simulations/barabasi_albert_graph/lam=512/seir_seed_491.csv,barabasi_albert_graph,512.0,0.05,491
simulations/barabasi_albert_graph/lam=512/seir_seed_492.csv,barabasi_albert_graph,512.0,0.05,492
simulations/barabasi_albert_graph/lam=512/seir_seed_493.csv,barabasi_albert_graph,512.0,0.05,493
simulations/barabasi_albert_graph/lam=512/seir_seed_494.csv,barabasi_albert_graph,512.0,0.05,494
simulations/barabasi_albert_graph/lam=512/seir_seed_495.csv,barabasi_albert_graph,512.0,0.05,495
simulations/barabasi_albert_graph/lam=512/seir_seed_496.csv,barabasi_albert_graph,512.0,0.05,496
simulations/barabasi_albert_graph/lam=512/seir_seed_497.csv,barabasi_albert_graph,512.0,0.05,497
simulations/barabasi_albert_graph/lam=512/seir_seed_498.csv,barabasi_albert_graph,512.0,0.05,498
simulations/barabasi_albert_graph/lam=512/seir_seed_499.csv,barabasi_albert_graph,512.0,0.05,499
